timepoint,bw_date,ID,species,collection_site,transplant_site,treatment,mortality,bw,bw_sd,bw_se
T0,12/11/2017,PSTR 1 1,PSTR,NS,NS,NS Native,alive,16.99472296,0.014142136,0.01
T0,12/11/2017,PSTR 1 2,PSTR,NS,NS,NS Native,alive,28.50501319,0.028284271,0.02
T0,12/11/2017,PSTR 1 3,PSTR,NS,NS,NS Native,alive,16.50844327,0.007071068,0.005
T0,12/11/2017,PSTR 1 4,PSTR,NS,NS,NS Native,alive,13.15963061,0.021213203,0.015
T0,12/11/2017,PSTR 1 5,PSTR,NS,NS,NS Native,alive,14.14722955,0,0
T0,12/11/2017,PSTR 1 6,PSTR,NS,NS,NS Native,alive,22.20343008,0.007071068,0.005
T0,12/11/2017,PSTR 1 7,PSTR,NS,OS,OS Transplant,alive,27.6828496,0.014142136,0.01
T0,12/11/2017,PSTR 1 8,PSTR,NS,OS,OS Transplant,alive,16.07730871,0.007071068,0.005
T0,12/11/2017,PSTR 1 9,PSTR,NS,OS,OS Transplant,alive,15.44063325,0,0
T0,12/11/2017,PSTR 1 10,PSTR,NS,OS,OS Transplant,alive,18.62401055,0.007071068,0.005
T0,12/11/2017,PSTR 1 11,PSTR,NS,OS,OS Transplant,alive,17.68654354,0.028284271,0.02
T0,12/11/2017,PSTR 1 12,PSTR,NS,OS,OS Transplant,alive,22.34881266,0,0
T0,12/11/2017,PSTR 1 13,PSTR,NS,control,control,alive,NA,NA,NA
T0,12/12/2017,PSTR 1 14,PSTR,OS,OS,OS Native,alive,18.0911958,0.035355339,0.025
T0,12/12/2017,PSTR 1 15,PSTR,OS,OS,OS Native,alive,16.24862024,0.014142136,0.01
T0,12/12/2017,PSTR 1 16,PSTR,OS,OS,OS Native,alive,20.52798949,0.007071068,0.005
T0,12/12/2017,PSTR 1 17,PSTR,OS,OS,OS Native,alive,13.7369251,0.007071068,0.005
T0,12/12/2017,PSTR 1 18,PSTR,OS,OS,OS Native,alive,9.207884363,0,0
T0,12/12/2017,PSTR 1 19,PSTR,OS,OS,OS Native,alive,14.62076216,0,0
T0,12/12/2017,PSTR 1 20,PSTR,OS,NS,NS Transplant,alive,9.607358739,0,0
T0,12/12/2017,PSTR 1 21,PSTR,OS,NS,NS Transplant,alive,17.082523,0.007071068,0.005
T0,12/12/2017,PSTR 1 22,PSTR,OS,NS,NS Transplant,alive,14.22628121,0.007071068,0.005
T0,12/12/2017,PSTR 1 23,PSTR,OS,NS,NS Transplant,alive,17.50197109,0.035355339,0.025
T0,12/12/2017,PSTR 1 24,PSTR,OS,NS,NS Transplant,alive,14.07148489,0.014142136,0.01
T0,12/12/2017,PSTR 1 25,PSTR,OS,NS,NS Transplant,alive,16.75795007,0.014142136,0.01
T0,12/12/2017,PSTR 1 26,PSTR,OS,control,control,alive,NA,NA,NA
T0,12/11/2017,PSTR 2 1,PSTR,NS,NS,NS Native,alive,14.85,0.01414,0.01
T0,12/11/2017,PSTR 2 2,PSTR,NS,NS,NS Native,alive,21.405,0.00707,0.005
T0,12/11/2017,PSTR 2 3,PSTR,NS,NS,NS Native,alive,13.66,0,0
T0,12/11/2017,PSTR 2 4,PSTR,NS,NS,NS Native,alive,12.8,0.01414,0.01
T0,12/11/2017,PSTR 2 5,PSTR,NS,NS,NS Native,alive,25.205,0.02121,0.015
T0,12/11/2017,PSTR 2 6,PSTR,NS,NS,NS Native,alive,12.635,0.007071,0.005
T0,12/11/2017,PSTR 2 7,PSTR,NS,OS,OS Transplant,alive,15.34,0,0
T0,12/11/2017,PSTR 2 8,PSTR,NS,OS,OS Transplant,alive,12.175,0.00707,0.005
T0,12/11/2017,PSTR 2 9,PSTR,NS,OS,OS Transplant,alive,16.92,0,0
T0,12/11/2017,PSTR 2 10,PSTR,NS,OS,OS Transplant,alive,21.06,0.02828,0.02
T0,12/11/2017,PSTR 2 11,PSTR,NS,OS,OS Transplant,alive,21.07,0.014142136,0.01
T0,12/11/2017,PSTR 2 12,PSTR,NS,OS,OS Transplant,alive,24.055,0.007071068,0.005
T0,12/11/2017,PSTR 2 13,PSTR,NS,control,control,alive,NA,NA,NA
T0,12/12/2017,PSTR 2 14,PSTR,OS,OS,OS Native,alive,8.97,0,0
T0,12/12/2017,PSTR 2 15,PSTR,OS,OS,OS Native,alive,12.855,0.007071068,0.005
T0,12/12/2017,PSTR 2 16,PSTR,OS,OS,OS Native,alive,9.875,0.007071068,0.005
T0,12/12/2017,PSTR 2 17,PSTR,OS,OS,OS Native,alive,9.705,0.021213203,0.015
T0,12/12/2017,PSTR 2 18,PSTR,OS,OS,OS Native,alive,8.98,0.014142136,0.01
T0,12/12/2017,PSTR 2 19,PSTR,OS,OS,OS Native,alive,12.155,0.007071068,0.005
T0,12/12/2017,PSTR 2 20,PSTR,OS,NS,NS Transplant,alive,13.25,0.014142136,0.01
T0,12/12/2017,PSTR 2 21,PSTR,OS,NS,NS Transplant,alive,10.53,0.014142136,0.01
T0,12/12/2017,PSTR 2 22,PSTR,OS,NS,NS Transplant,alive,13.31,0.014142136,0.01
T0,12/12/2017,PSTR 2 23,PSTR,OS,NS,NS Transplant,alive,11.95,0.014142136,0.01
T0,12/12/2017,PSTR 2 24,PSTR,OS,NS,NS Transplant,alive,13.92,0,0
T0,12/12/2017,PSTR 2 25,PSTR,OS,NS,NS Transplant,alive,10.22,0,0
T0,12/11/2017,PSTR 3 1,PSTR,NS,NS,NS Native,alive,15.33981603,0,0
T0,12/11/2017,PSTR 3 2,PSTR,NS,NS,NS Native,alive,27.18423127,0,0
T0,12/11/2017,PSTR 3 3,PSTR,NS,NS,NS Native,alive,15.4696452,0,0
T0,12/11/2017,PSTR 3 4,PSTR,NS,NS,NS Native,alive,13.66701708,0.035355339,0.025
T0,12/11/2017,PSTR 3 5,PSTR,NS,NS,NS Native,alive,9.562417871,0.021213203,0.015
T0,12/11/2017,PSTR 3 6,PSTR,NS,NS,NS Native,alive,21.61156373,0,0
T0,12/11/2017,PSTR 3 7,PSTR,NS,OS,OS Transplant,alive,16.0239159,0.007071068,0.005
T0,12/11/2017,PSTR 3 8,PSTR,NS,OS,OS Transplant,alive,8.08935611,0.028284271,0.02
T0,12/11/2017,PSTR 3 9,PSTR,NS,NS,NS Native,alive,20.74270696,0.014142136,0.01
T0,12/11/2017,PSTR 3 10,PSTR,NS,OS,OS Transplant,alive,26.30538765,0,0
T0,12/11/2017,PSTR 3 11,PSTR,NS,OS,OS Transplant,alive,30.9542707,0.007071068,0.005
T0,12/11/2017,PSTR 3 12,PSTR,NS,OS,OS Transplant,alive,15.43968463,0.014142136,0.01
T0,12/11/2017,PSTR 3 13,PSTR,NS,control,control,alive,NA,NA,NA
T0,12/12/2017,PSTR 3 14,PSTR,OS,OS,OS Native,alive,5.887747036,0.014142136,0.01
T0,12/12/2017,PSTR 3 15,PSTR,OS,OS,OS Native,alive,8.891699605,0,0
T0,12/12/2017,PSTR 3 16,PSTR,OS,OS,OS Native,alive,8.971805007,0.014142136,0.01
T0,12/12/2017,PSTR 3 17,PSTR,OS,OS,OS Native,alive,6.153096179,0.021213203,0.015
T0,12/12/2017,PSTR 3 18,PSTR,OS,OS,OS Native,alive,8.686429513,0.007071068,0.005
T0,12/12/2017,PSTR 3 19,PSTR,OS,OS,OS Native,alive,5.33201581,0.021213203,0.015
T0,12/12/2017,PSTR 3 20,PSTR,OS,NS,NS Transplant,alive,6.047957839,0.014142136,0.01
T0,12/12/2017,PSTR 3 21,PSTR,OS,NS,NS Transplant,alive,5.176811594,0,0
T0,12/12/2017,PSTR 3 22,PSTR,OS,NS,NS Transplant,alive,11.20474308,0,0
T0,12/12/2017,PSTR 3 23,PSTR,OS,NS,NS Transplant,alive,6.573649539,0.007071068,0.005
T0,12/12/2017,PSTR 3 24,PSTR,OS,NS,NS Transplant,alive,6.263241107,0.021213203,0.015
T0,12/12/2017,PSTR 3 25,PSTR,OS,NS,NS Transplant,alive,9.978129117,0.007071068,0.005
T0,12/11/2017,PSTR 4 1,PSTR,NS,NS,NS Native,alive,15.17997365,0.014142136,0.01
T0,12/11/2017,PSTR 4 2,PSTR,NS,NS,NS Native,alive,13.82819499,0.014142136,0.01
T0,12/11/2017,PSTR 4 3,PSTR,NS,NS,NS Native,alive,20.77233202,0.007071068,0.005
T0,12/11/2017,PSTR 4 4,PSTR,NS,NS,NS Native,alive,27.48616601,0.070710678,0.05
T0,12/11/2017,PSTR 4 5,PSTR,NS,NS,NS Native,alive,13.4226614,0.021213203,0.015
T0,12/11/2017,PSTR 4 6,PSTR,NS,NS,NS Native,alive,20.16152833,0.035355339,0.025
T0,12/11/2017,PSTR 4 7,PSTR,NS,OS,OS Transplant,alive,13.15230567,0.007071068,0.005
T0,12/11/2017,PSTR 4 8,PSTR,NS,OS,OS Transplant,alive,12.51646904,0,0
T0,12/11/2017,PSTR 4 9,PSTR,NS,OS,OS Transplant,alive,19.25032938,0.035355339,0.025
T0,12/11/2017,PSTR 4 10,PSTR,NS,OS,OS Transplant,alive,17.87351779,0,0
T0,12/11/2017,PSTR 4 11,PSTR,NS,OS,OS Transplant,alive,9.88801054,0.007071068,0.005
T0,12/11/2017,PSTR 4 12,PSTR,NS,OS,OS Transplant,alive,17.44295125,0,0
T0,12/11/2017,PSTR 4 13,PSTR,NS,control,control,alive,NA,NA,NA
T0,12/12/2017,PSTR 4 14,PSTR,OS,OS,OS Native,alive,14.24248021,0.007071068,0.005
T0,12/12/2017,PSTR 4 15,PSTR,OS,OS,OS Native,alive,16.61372032,0,0
T0,12/12/2017,PSTR 4 16,PSTR,OS,OS,OS Native,alive,11.29973615,0.014142136,0.01
T0,12/12/2017,PSTR 4 17,PSTR,OS,OS,OS Native,alive,13.62585752,0.014142136,0.01
T0,12/12/2017,PSTR 4 18,PSTR,OS,OS,OS Native,alive,12.08680739,0.007071068,0.005
T0,12/12/2017,PSTR 4 19,PSTR,OS,OS,OS Native,alive,7.108707124,0,0
T0,12/12/2017,PSTR 4 20,PSTR,OS,NS,NS Transplant,alive,11.93139842,0.014142136,0.01
T0,12/12/2017,PSTR 4 21,PSTR,OS,NS,NS Transplant,alive,12.75356201,0.014142136,0.01
T0,12/12/2017,PSTR 4 22,PSTR,OS,NS,NS Transplant,alive,7.850659631,0.028284271,0.02
T0,12/12/2017,PSTR 4 23,PSTR,OS,NS,NS Transplant,alive,7.685224274,0.007071068,0.005
T0,12/12/2017,PSTR 4 24,PSTR,OS,NS,NS Transplant,alive,19.43113456,0,0
T0,12/12/2017,PSTR 4 25,PSTR,OS,NS,NS Transplant,alive,14.91926121,0,0
T0,12/12/2017,PSTR 4 26,PSTR,OS,control,control,alive,NA,NA,NA
T0,12/11/2017,PSTR 5 1,PSTR,NS,NS,NS Native,alive,17.02,0.014142136,0.01
T0,12/11/2017,PSTR 5 2,PSTR,NS,NS,NS Native,alive,21.48,0.014142136,0.01
T0,12/11/2017,PSTR 5 3,PSTR,NS,NS,NS Native,alive,18.24,0.014142136,0.01
T0,12/11/2017,PSTR 5 4,PSTR,NS,NS,NS Native,alive,35.03,0.042426407,0.03
T0,12/11/2017,PSTR 5 5,PSTR,NS,NS,NS Native,alive,8.58,0,0
T0,12/11/2017,PSTR 5 6,PSTR,NS,NS,NS Native,alive,12.745,0.007071068,0.005
T0,12/11/2017,PSTR 5 7,PSTR,NS,OS,OS Transplant,alive,19.4,0,0
T0,12/11/2017,PSTR 5 8,PSTR,NS,OS,OS Transplant,alive,17.005,0.007071068,0.005
T0,12/11/2017,PSTR 5 9,PSTR,NS,OS,OS Transplant,alive,25.865,0.007071068,0.005
T0,12/11/2017,PSTR 5 10,PSTR,NS,OS,OS Transplant,alive,18.855,0.035355339,0.025
T0,12/11/2017,PSTR 5 11,PSTR,NS,OS,OS Transplant,alive,21.52,0.014142136,0.01
T0,12/11/2017,PSTR 5 12,PSTR,NS,OS,OS Transplant,alive,15.45666667,0.051316014,0.029627315
T0,12/11/2017,PSTR 5 13,PSTR,NS,control,control,alive,NA,NA,NA
T0,12/12/2017,PSTR 5 14,PSTR,OS,OS,OS Native,alive,15.705,0.007071068,0.005
T0,12/12/2017,PSTR 5 15,PSTR,OS,OS,OS Native,alive,14.37,0.028284271,0.02
T0,12/12/2017,PSTR 5 16,PSTR,OS,OS,OS Native,alive,17.96,0.014142136,0.01
T0,12/12/2017,PSTR 5 17,PSTR,OS,OS,OS Native,alive,10.455,0.007071068,0.005
T0,12/12/2017,PSTR 5 18,PSTR,OS,OS,OS Native,alive,14.415,0.021213203,0.015
T0,12/12/2017,PSTR 5 19,PSTR,OS,OS,OS Native,alive,14.625,0.021213203,0.015
T0,12/12/2017,PSTR 5 20,PSTR,OS,NS,NS Transplant,alive,11.805,0.021213203,0.015
T0,12/12/2017,PSTR 5 21,PSTR,OS,NS,NS Transplant,alive,16.24,0.014142136,0.01
T0,12/12/2017,PSTR 5 22,PSTR,OS,NS,NS Transplant,alive,22.27,0.014142136,0.01
T0,12/12/2017,PSTR 5 23,PSTR,OS,NS,NS Transplant,alive,13.715,0.007071068,0.005
T0,12/12/2017,PSTR 5 24,PSTR,OS,NS,NS Transplant,alive,8.935,0.021213203,0.015
T0,12/12/2017,PSTR 5 25,PSTR,OS,NS,NS Transplant,alive,10.91,0.028284271,0.02
T0,12/12/2017,PSTR 5 26,PSTR,OS,control,control,alive,NA,NA,NA
T0,12/11/2017,PSTR 6 1,PSTR,NS,NS,NS Native,alive,23.42417871,0.007071068,0.005
T0,12/11/2017,PSTR 6 2,PSTR,NS,NS,NS Native,alive,19.59421813,0.028284271,0.02
T0,12/11/2017,PSTR 6 3,PSTR,NS,NS,NS Native,alive,14.52089356,0.014142136,0.01
T0,12/11/2017,PSTR 6 4,PSTR,NS,NS,NS Native,alive,21.29198423,0.014142136,0.01
T0,12/11/2017,PSTR 6 5,PSTR,NS,NS,NS Native,alive,12.41366623,0.014142136,0.01
T0,12/11/2017,PSTR 6 6,PSTR,NS,NS,NS Native,alive,17.48199737,0.007071068,0.005
T0,12/11/2017,PSTR 6 7,PSTR,NS,OS,OS Transplant,alive,15.6544021,0.007071068,0.005
T0,12/11/2017,PSTR 6 8,PSTR,NS,OS,OS Transplant,alive,31.1739816,0.035355339,0.025
T0,12/11/2017,PSTR 6 9,PSTR,NS,OS,OS Transplant,alive,17.88646518,0.014142136,0.01
T0,12/11/2017,PSTR 6 10,PSTR,NS,OS,OS Transplant,alive,17.69671485,0.014142136,0.01
T0,12/11/2017,PSTR 6 11,PSTR,NS,OS,OS Transplant,alive,11.59973719,0.007071068,0.005
T0,12/11/2017,PSTR 6 12,PSTR,NS,OS,OS Transplant,alive,10.42628121,0.014142136,0.01
T0,12/11/2017,PSTR 6 13,PSTR,NS,control,control,alive,NA,NA,NA
T0,12/12/2017,PSTR 6 14,PSTR,OS,OS,OS Native,alive,12.095,0.007071068,0.005
T0,12/12/2017,PSTR 6 15,PSTR,OS,OS,OS Native,alive,33.035,0.021213203,0.015
T0,12/12/2017,PSTR 6 16,PSTR,OS,OS,OS Native,alive,9.15,0.014142136,0.01
T0,12/12/2017,PSTR 6 17,PSTR,OS,OS,OS Native,alive,13.84,0.014142136,0.01
T0,12/12/2017,PSTR 6 18,PSTR,OS,OS,OS Native,alive,18.735,0.007071068,0.005
T0,12/12/2017,PSTR 6 19,PSTR,OS,OS,OS Native,alive,18.74,0.07,0.049497475
T0,12/12/2017,PSTR 6 20,PSTR,OS,NS,NS Transplant,alive,16.76,0.014142136,0.01
T0,12/12/2017,PSTR 6 21,PSTR,OS,NS,NS Transplant,alive,9.38,0.014142136,0.01
T0,12/12/2017,PSTR 6 22,PSTR,OS,NS,NS Transplant,alive,14.43,0.042426407,0.03
T0,12/12/2017,PSTR 6 23,PSTR,OS,NS,NS Transplant,alive,11.58,0.028284271,0.02
T0,12/12/2017,PSTR 6 24,PSTR,OS,NS,NS Transplant,alive,27.38,0,0
T0,12/12/2017,PSTR 6 25,PSTR,OS,NS,NS Transplant,alive,11.88,0,0
T0,12/12/2017,PSTR 6 26,PSTR,OS,control,control,alive,NA,NA,NA
T0,12/10/2017,SSID 1 1,SSID,NS,NS,NS Native,alive,26.96,0.028284271,0.02
T0,12/10/2017,SSID 1 2,SSID,NS,NS,NS Native,alive,18.27,0.014142136,0.01
T0,12/10/2017,SSID 1 3,SSID,NS,NS,NS Native,alive,20.72,0.028284271,0.02
T0,12/10/2017,SSID 1 4,SSID,NS,NS,NS Native,alive,18.25,0,0
T0,12/10/2017,SSID 1 5,SSID,NS,NS,NS Native,alive,17.175,0.007071068,0.005
T0,12/10/2017,SSID 1 6,SSID,NS,NS,NS Native,alive,24.61,0.014142136,0.01
T0,12/10/2017,SSID 1 7,SSID,NS,OS,OS Transplant,alive,21.33333333,0.032145503,0.018559215
T0,12/10/2017,SSID 1 8,SSID,NS,OS,OS Transplant,alive,17.61,0,0
T0,12/10/2017,SSID 1 9,SSID,NS,OS,OS Transplant,alive,20.945,0.021213203,0.015
T0,12/10/2017,SSID 1 10,SSID,NS,OS,OS Transplant,alive,17.06,0.014142136,0.01
T0,12/10/2017,SSID 1 11,SSID,NS,OS,OS Transplant,alive,20.74,0.028284271,0.02
T0,12/10/2017,SSID 1 12,SSID,NS,OS,OS Transplant,alive,34.43,0,0
T0,12/10/2017,SSID 1 13,SSID,NS,control,control,alive,NA,NA,NA
T0,12/13/2017,SSID 1 14,SSID,OS,OS,OS Native,alive,23.90144928,0.028284271,0.02
T0,12/13/2017,SSID 1 15,SSID,OS,OS,OS Native,alive,14.16864295,0.042426407,0.03
T0,12/13/2017,SSID 1 16,SSID,OS,OS,OS Native,alive,19.55072464,0.007071068,0.005
T0,12/13/2017,SSID 1 17,SSID,OS,OS,OS Native,alive,18.58945982,0.007071068,0.005
T0,12/13/2017,SSID 1 18,SSID,OS,OS,OS Native,alive,27.29591568,0,0
T0,12/13/2017,SSID 1 19,SSID,OS,OS,OS Native,alive,18.66455863,0.014142136,0.01
T0,12/13/2017,SSID 1 20,SSID,OS,NS,NS Transplant,alive,11.68036891,0.021213203,0.015
T0,12/13/2017,SSID 1 21,SSID,OS,NS,NS Transplant,alive,24.17681159,0.021213203,0.015
T0,12/13/2017,SSID 1 22,SSID,OS,NS,NS Transplant,alive,20.43689065,0.014142136,0.01
T0,12/13/2017,SSID 1 23,SSID,OS,NS,NS Transplant,alive,12.82187088,0.021213203,0.015
T0,12/13/2017,SSID 1 24,SSID,OS,NS,NS Transplant,alive,17.96864295,0.035355339,0.025
T0,12/13/2017,SSID 1 25,SSID,OS,NS,NS Transplant,alive,16.05612648,0.035355339,0.025
T0,12/13/2017,SSID 1 26,SSID,OS,control,control,alive,NA,NA,NA
T0,12/10/2017,SSID 2 1,SSID,NS,NS,NS Native,alive,28.06,0.014142136,0.01
T0,12/10/2017,SSID 2 2,SSID,NS,NS,NS Native,alive,22.705,0.021213203,0.015
T0,12/10/2017,SSID 2 3,SSID,NS,NS,NS Native,alive,24.02,0,0
T0,12/10/2017,SSID 2 4,SSID,NS,NS,NS Native,alive,18.965,0.021213203,0.015
T0,12/10/2017,SSID 2 5,SSID,NS,NS,NS Native,alive,19.95,0.028284271,0.02
T0,12/10/2017,SSID 2 6,SSID,NS,NS,NS Native,alive,27.85,0.014142136,0.01
T0,12/10/2017,SSID 2 7,SSID,NS,OS,OS Transplant,alive,26,0,0
T0,12/10/2017,SSID 2 8,SSID,NS,OS,OS Transplant,alive,35.61,0,0
T0,12/10/2017,SSID 2 9,SSID,NS,OS,OS Transplant,alive,31.895,0.007071068,0.005
T0,12/10/2017,SSID 2 10,SSID,NS,OS,OS Transplant,alive,28.78,0.028284271,0.02
T0,12/10/2017,SSID 2 11,SSID,NS,OS,OS Transplant,alive,34.785,0.007071068,0.005
T0,12/10/2017,SSID 2 12,SSID,NS,OS,OS Transplant,alive,29,0,0
T0,12/10/2017,SSID 2 13,SSID,NS,control,control,alive,NA,NA,NA
T0,12/13/2017,SSID 2 14,SSID,OS,OS,OS Native,alive,27.03557312,0,0
T0,12/13/2017,SSID 2 15,SSID,OS,OS,OS Native,alive,19.6458498,0.014142136,0.01
T0,12/13/2017,SSID 2 16,SSID,OS,OS,OS Native,alive,25.67378129,0.014142136,0.01
T0,12/13/2017,SSID 2 17,SSID,OS,OS,OS Native,alive,22.02397892,0.007071068,0.005
T0,12/13/2017,SSID 2 18,SSID,OS,OS,OS Native,alive,9.963109354,0.014142136,0.01
T0,12/13/2017,SSID 2 19,SSID,OS,OS,OS Native,alive,48.32859025,0.007071068,0.005
T0,12/13/2017,SSID 2 20,SSID,OS,NS,NS Transplant,alive,33.1886693,0.035355339,0.025
T0,12/13/2017,SSID 2 21,SSID,OS,NS,NS Transplant,alive,13.7030303,0.021213203,0.015
T0,12/13/2017,SSID 2 22,SSID,OS,NS,NS Transplant,alive,29.54387352,0.007071068,0.005
T0,12/13/2017,SSID 2 23,SSID,OS,NS,NS Transplant,alive,13.35256917,0.007071068,0.005
T0,12/13/2017,SSID 2 24,SSID,OS,NS,NS Transplant,alive,17.97364954,0.028284271,0.02
T0,12/13/2017,SSID 2 25,SSID,OS,NS,NS Transplant,alive,21.6284585,0,0
T0,12/10/2017,SSID 3 1,SSID,NS,NS,NS Native,alive,30.69,0.014142136,0.01
T0,12/10/2017,SSID 3 2,SSID,NS,NS,NS Native,alive,23.27,0,0
T0,12/10/2017,SSID 3 3,SSID,NS,NS,NS Native,alive,36.21,0.026457513,0.015275252
T0,12/10/2017,SSID 3 4,SSID,NS,NS,NS Native,alive,30.97,0,0
T0,12/10/2017,SSID 3 5,SSID,NS,NS,NS Native,alive,29.955,0.007071068,0.005
T0,12/10/2017,SSID 3 6,SSID,NS,NS,NS Native,alive,35.905,0.714177849,0.505
T0,12/10/2017,SSID 3 7,SSID,NS,OS,OS Transplant,alive,25.87,0.014142136,0.01
T0,12/10/2017,SSID 3 8,SSID,NS,OS,OS Transplant,alive,34.335,0.021213203,0.015
T0,12/10/2017,SSID 3 9,SSID,NS,OS,OS Transplant,alive,22.38,0.028284271,0.02
T0,12/10/2017,SSID 3 10,SSID,NS,OS,OS Transplant,alive,36.875,0.021213203,0.015
T0,12/10/2017,SSID 3 11,SSID,NS,OS,OS Transplant,alive,34.03,0.014142136,0.01
T0,12/10/2017,SSID 3 12,SSID,NS,OS,OS Transplant,alive,31.115,0.007071068,0.005
T0,12/10/2017,SSID 3 13,SSID,NS,control,control,alive,NA,NA,NA
T0,12/13/2017,SSID 3 14,SSID,OS,OS,OS Native,alive,15.66622691,0.007071068,0.005
T0,12/13/2017,SSID 3 15,SSID,OS,OS,OS Native,alive,14.59340369,0.007071068,0.005
T0,12/13/2017,SSID 3 16,SSID,OS,OS,OS Native,alive,10.44248021,0.007071068,0.005
T0,12/13/2017,SSID 3 17,SSID,OS,OS,OS Native,alive,15.82664908,0.007071068,0.005
T0,12/13/2017,SSID 3 18,SSID,OS,OS,OS Native,alive,10.95382586,0.007071068,0.005
T0,12/13/2017,SSID 3 19,SSID,OS,OS,OS Native,alive,12.40263852,0.014142136,0.01
T0,12/13/2017,SSID 3 20,SSID,OS,NS,NS Transplant,alive,13.35514512,0,0
T0,12/13/2017,SSID 3 21,SSID,OS,NS,NS Transplant,alive,12.4878628,0.007071068,0.005
T0,12/13/2017,SSID 3 22,SSID,OS,NS,NS Transplant,alive,19.28575198,0.021213203,0.015
T0,12/13/2017,SSID 3 23,SSID,OS,NS,NS Transplant,alive,12.36754617,0.007071068,0.005
T0,12/13/2017,SSID 3 24,SSID,OS,NS,NS Transplant,alive,23.97810026,0.007071068,0.005
T0,12/13/2017,SSID 3 25,SSID,OS,NS,NS Transplant,alive,8.858311346,0.007071068,0.005
T0,12/13/2017,SSID 3 26,SSID,OS,control,control,alive,NA,NA,NA
T0,12/10/2017,SSID 4 1,SSID,NS,NS,NS Native,alive,14.83857332,0,0
T0,12/10/2017,SSID 4 2,SSID,NS,NS,NS Native,alive,13.02140026,0,0
T0,12/10/2017,SSID 4 3,SSID,NS,NS,NS Native,alive,18.03117569,0.014142136,0.01
T0,12/10/2017,SSID 4 4,SSID,NS,NS,NS Native,alive,16.24914135,0.007071068,0.005
T0,12/10/2017,SSID 4 5,SSID,NS,NS,NS Native,alive,22.79498018,0.007071068,0.005
T0,12/10/2017,SSID 4 6,SSID,NS,NS,NS Native,alive,21.69062087,0.035355339,0.025
T0,12/10/2017,SSID 4 7,SSID,NS,OS,OS Transplant,alive,13.97516513,0.028284271,0.02
T0,12/10/2017,SSID 4 8,SSID,NS,OS,OS Transplant,alive,14.9992074,0.014142136,0.01
T0,12/10/2017,SSID 4 9,SSID,NS,OS,OS Transplant,alive,17.79022457,0,0
T0,12/10/2017,SSID 4 10,SSID,NS,OS,OS Transplant,alive,10.37093791,0.028284271,0.02
T0,12/10/2017,SSID 4 11,SSID,NS,OS,OS Transplant,alive,23.87926024,0.007071068,0.005
T0,12/10/2017,SSID 4 12,SSID,NS,OS,OS Transplant,alive,16.4348745,0,0
T0,12/10/2017,SSID 4 13,SSID,NS,control,control,alive,NA,NA,NA
T0,12/13/2017,SSID 4 14,SSID,OS,OS,OS Native,alive,9.822924901,0.014142136,0.01
T0,12/13/2017,SSID 4 15,SSID,OS,OS,OS Native,alive,8.140711462,0.014142136,0.01
T0,12/13/2017,SSID 4 16,SSID,OS,OS,OS Native,alive,16.80711462,0.007071068,0.005
T0,12/13/2017,SSID 4 17,SSID,OS,OS,OS Native,alive,10.15335968,0,0
T0,12/13/2017,SSID 4 18,SSID,OS,OS,OS Native,alive,6.523583663,0.007071068,0.005
T0,12/13/2017,SSID 4 19,SSID,OS,OS,OS Native,alive,12.4113307,0.007071068,0.005
T0,12/13/2017,SSID 4 20,SSID,OS,NS,NS Transplant,alive,10.65902503,0.021213203,0.015
T0,12/13/2017,SSID 4 21,SSID,OS,NS,NS Transplant,alive,15.30513834,0.007071068,0.005
T0,12/13/2017,SSID 4 22,SSID,OS,NS,NS Transplant,alive,12.94202899,0.007071068,0.005
T0,12/13/2017,SSID 4 23,SSID,OS,NS,NS Transplant,alive,23.2055336,0.007071068,0.005
T0,12/13/2017,SSID 4 24,SSID,OS,NS,NS Transplant,alive,17.44795784,0.007071068,0.005
T0,12/13/2017,SSID 4 25,SSID,OS,NS,NS Transplant,alive,10.43873518,0.007071068,0.005
T0,12/13/2017,SSID 4 26,SSID,OS,control,control,alive,NA,NA,NA
T0,12/10/2017,SSID 5 1,SSID,NS,NS,NS Native,alive,23.26,0.028284271,0.02
T0,12/10/2017,SSID 5 2,SSID,NS,NS,NS Native,alive,23.785,0.007071068,0.005
T0,12/10/2017,SSID 5 3,SSID,NS,NS,NS Native,alive,13.39,0,0
T0,12/10/2017,SSID 5 4,SSID,NS,NS,NS Native,alive,33.905,0.007071068,0.005
T0,12/10/2017,SSID 5 5,SSID,NS,NS,NS Native,alive,19.12,0.014142136,0.01
T0,12/10/2017,SSID 5 6,SSID,NS,NS,NS Native,alive,15.545,0.007071068,0.005
T0,12/10/2017,SSID 5 7,SSID,NS,OS,OS Transplant,alive,21.635,0.007071068,0.005
T0,12/10/2017,SSID 5 8,SSID,NS,OS,OS Transplant,alive,18.235,0.06363961,0.045
T0,12/10/2017,SSID 5 9,SSID,NS,OS,OS Transplant,alive,35.28,0.014142136,0.01
T0,12/10/2017,SSID 5 10,SSID,NS,OS,OS Transplant,alive,32.745,0.007071068,0.005
T0,12/10/2017,SSID 5 11,SSID,NS,OS,OS Transplant,alive,13.015,0.021213203,0.015
T0,12/10/2017,SSID 5 12,SSID,NS,OS,OS Transplant,alive,19.095,0.021213203,0.015
T0,12/10/2017,SSID 5 13,SSID,NS,control,control,alive,NA,NA,NA
T0,12/13/2017,SSID 5 14,SSID,OS,OS,OS Native,alive,10.77918314,0.007071068,0.005
T0,12/13/2017,SSID 5 15,SSID,OS,OS,OS Native,alive,7.504874835,0.007071068,0.005
T0,12/13/2017,SSID 5 16,SSID,OS,OS,OS Native,alive,9.071936759,0.014142136,0.01
T0,12/13/2017,SSID 5 17,SSID,OS,OS,OS Native,alive,8.571277997,0,0
T0,12/13/2017,SSID 5 18,SSID,OS,OS,OS Native,alive,11.7654809,0.014142136,0.01
T0,12/13/2017,SSID 5 19,SSID,OS,OS,OS Native,alive,11.885639,0.014142136,0.01
T0,12/13/2017,SSID 5 20,SSID,OS,NS,NS Transplant,alive,10.83926219,0.021213203,0.015
T0,12/13/2017,SSID 5 21,SSID,OS,NS,NS Transplant,alive,14.714361,0.007071068,0.005
T0,12/13/2017,SSID 5 22,SSID,OS,NS,NS Transplant,alive,14.36389987,0.007071068,0.005
T0,12/13/2017,SSID 5 23,SSID,OS,NS,NS Transplant,alive,9.307246377,0.021213203,0.015
T0,12/13/2017,SSID 5 24,SSID,OS,NS,NS Transplant,alive,15.49038208,0.014142136,0.01
T0,12/13/2017,SSID 5 25,SSID,OS,NS,NS Transplant,alive,7.610013175,0.028284271,0.02
T0,12/13/2017,SSID 5 26,SSID,OS,control,control,alive,NA,NA,NA
T0,12/10/2017,SSID 6 1,SSID,NS,NS,NS Native,alive,26.75520422,0.014142136,0.01
T0,12/10/2017,SSID 6 2,SSID,NS,NS,NS Native,alive,24.99789196,0.021213203,0.015
T0,12/10/2017,SSID 6 3,SSID,NS,NS,NS Native,alive,36.71831357,0,0
T0,12/10/2017,SSID 6 4,SSID,NS,NS,NS Native,alive,17.8284585,0.007071068,0.005
T0,12/10/2017,SSID 6 5,SSID,NS,NS,NS Native,alive,15.29512516,0.007071068,0.005
T0,12/10/2017,SSID 6 6,SSID,NS,NS,NS Native,alive,23.4458498,0.021213203,0.015
T0,12/10/2017,SSID 6 7,SSID,NS,OS,OS Transplant,alive,33.1886693,0.007071068,0.005
T0,12/10/2017,SSID 6 8,SSID,NS,OS,OS Transplant,alive,22.10909091,0,0
T0,12/10/2017,SSID 6 9,SSID,NS,OS,OS Transplant,alive,25.88906456,0.007071068,0.005
T0,12/10/2017,SSID 6 10,SSID,NS,OS,OS Transplant,alive,26.9654809,0.014142136,0.01
T0,12/10/2017,SSID 6 11,SSID,NS,OS,OS Transplant,alive,18.1088274,0.007071068,0.005
T0,12/10/2017,SSID 6 12,SSID,NS,OS,OS Transplant,alive,17.55810277,0.007071068,0.005
T0,12/10/2017,SSID 6 13,SSID,NS,control,control,alive,NA,NA,NA
T0,12/13/2017,SSID 6 14,SSID,OS,OS,OS Native,alive,20.16,0.127279221,0.09
T0,12/13/2017,SSID 6 15,SSID,OS,OS,OS Native,alive,12.96,0,0
T0,12/13/2017,SSID 6 16,SSID,OS,OS,OS Native,alive,13.575,0.007071068,0.005
T0,12/13/2017,SSID 6 17,SSID,OS,OS,OS Native,alive,8.865,0.007071068,0.005
T0,12/13/2017,SSID 6 18,SSID,OS,OS,OS Native,alive,10.68,0.014142136,0.01
T0,12/13/2017,SSID 6 19,SSID,OS,OS,OS Native,alive,14.3,0.056568542,0.04
T0,12/13/2017,SSID 6 20,SSID,OS,NS,NS Transplant,alive,16.72,0.014142136,0.01
T0,12/13/2017,SSID 6 21,SSID,OS,NS,NS Transplant,alive,14.355,0.007071068,0.005
T0,12/13/2017,SSID 6 22,SSID,OS,NS,NS Transplant,alive,11.65,0.014142136,0.01
T0,12/13/2017,SSID 6 23,SSID,OS,NS,NS Transplant,alive,11.27,0.014142136,0.01
T0,12/13/2017,SSID 6 24,SSID,OS,NS,NS Transplant,alive,10.74,0.014142136,0.01
T0,12/13/2017,SSID 6 25,SSID,OS,NS,NS Transplant,alive,12.595,0.007071068,0.005
T0,12/13/2017,SSID 6 26,SSID,OS,control,control,alive,NA,NA,NA
T1,3/8/2018,PSTR 1 1,PSTR,NS,NS,NS Native,alive,18.82022827,0.011547005,0.008164966
T1,3/8/2018,PSTR 1 2,PSTR,NS,NS,NS Native,alive,31.49127305,0.005773503,0.004082483
T1,3/8/2018,PSTR 1 3,PSTR,NS,NS,NS Native,alive,20.50393327,0.01,0.007071068
T1,3/8/2018,PSTR 1 4,PSTR,NS,NS,NS Native,alive,15.59922739,0.005773503,0.004082483
T1,3/8/2018,PSTR 1 5,PSTR,NS,NS,NS Native,alive,15.93197542,0.01,0.007071068
T1,3/8/2018,PSTR 1 6,PSTR,NS,NS,NS Native,alive,24.86958736,0.005773503,0.004082483
T1,3/7/2018,PSTR 1 7,PSTR,NS,OS,OS Transplant,alive,31.36058772,0.005773503,0.004082483
T1,3/7/2018,PSTR 1 8,PSTR,NS,OS,OS Transplant,alive,17.49384211,0,0
T1,3/7/2018,PSTR 1 9,PSTR,NS,OS,OS Transplant,alive,18.0025,0.01,0.007071068
T1,3/7/2018,PSTR 1 10,PSTR,NS,OS,OS Transplant,alive,20.06040351,0.005773503,0.004082483
T1,3/7/2018,PSTR 1 11,PSTR,NS,OS,OS Transplant,alive,20.466,0,0
T1,3/7/2018,PSTR 1 12,PSTR,NS,OS,OS Transplant,alive,24.46212281,0.005773503,0.004082483
T1,3/6/2018,PSTR 1 14,PSTR,OS,OS,OS Native,alive,19.66415425,0.005773503,0.004082483
T1,3/6/2018,PSTR 1 15,PSTR,OS,OS,OS Native,alive,18.10962314,0.005773503,0.004082483
T1,3/6/2018,PSTR 1 16,PSTR,OS,OS,OS Native,alive,22.9492638,0,0
T1,3/6/2018,PSTR 1 17,PSTR,OS,OS,OS Native,alive,16.18638913,0.005773503,0.004082483
T1,3/6/2018,PSTR 1 18,PSTR,OS,OS,OS Native,alive,10.39343558,0,0
T1,3/6/2018,PSTR 1 19,PSTR,OS,OS,OS Native,alive,16.6647064,0.005773503,0.004082483
T1,3/9/2018,PSTR 1 20,PSTR,OS,NS,NS Transplant,alive,10.87882662,0.005773503,0.004082483
T1,3/9/2018,PSTR 1 21,PSTR,OS,NS,NS Transplant,alive,21.00761821,0,0
T1,3/9/2018,PSTR 1 22,PSTR,OS,NS,NS Transplant,alive,15.51178634,0,0
T1,3/9/2018,PSTR 1 23,PSTR,OS,NS,NS Transplant,alive,20.44675131,0.005773503,0.004082483
T1,3/9/2018,PSTR 1 24,PSTR,OS,NS,NS Transplant,alive,16.40452715,0.005773503,0.004082483
T1,3/9/2018,PSTR 1 25,PSTR,OS,NS,NS Transplant,alive,20.12483363,0.005773503,0.004082483
T1,3/8/2018,PSTR 2 1,PSTR,NS,NS,NS Native,alive,17.31718039,0.005773503,0.004082483
T1,3/8/2018,PSTR 2 2,PSTR,NS,NS,NS Native,alive,25.23569177,0.005773503,0.004082483
T1,3/8/2018,PSTR 2 3,PSTR,NS,NS,NS Native,alive,16.90565674,0,0
T1,3/8/2018,PSTR 2 4,PSTR,NS,NS,NS Native,alive,15.68767951,0.005773503,0.004082483
T1,3/8/2018,PSTR 2 5,PSTR,NS,NS,NS Native,alive,29.24804729,0.005773503,0.004082483
T1,3/8/2018,PSTR 2 6,PSTR,NS,NS,NS Native,alive,14.19424694,0.005773503,0.004082483
T1,3/7/2018,PSTR 2 7,PSTR,NS,OS,OS Transplant,alive,15.42264035,0.005773503,0.004082483
T1,3/7/2018,PSTR 2 8,PSTR,NS,OS,OS Transplant,alive,13.57085965,0.005773503,0.004082483
T1,3/7/2018,PSTR 2 9,PSTR,NS,OS,OS Transplant,alive,18.22192105,0,0
T1,3/7/2018,PSTR 2 10,PSTR,NS,OS,OS Transplant,alive,22.85968421,0,0
T1,3/7/2018,PSTR 2 11,PSTR,NS,OS,OS Transplant,alive,21.982,4.35E-15,3.08E-15
T1,3/7/2018,PSTR 2 12,PSTR,NS,OS,OS Transplant,alive,26.22746491,0.005773503,0.004082483
T1,3/6/2018,PSTR 2 14,PSTR,OS,OS,OS Native,alive,10.28666667,0.005773503,0.004082483
T1,3/6/2018,PSTR 2 15,PSTR,OS,OS,OS Native,alive,15.10333333,0.005773503,0.004082483
T1,3/6/2018,PSTR 2 16,PSTR,OS,OS,OS Native,alive,11.40333333,0.005773503,0.004082483
T1,3/6/2018,PSTR 2 17,PSTR,OS,OS,OS Native,alive,11.12333333,0.005773503,0.004082483
T1,3/6/2018,PSTR 2 18,PSTR,OS,OS,OS Native,alive,10.46666667,0.005773503,0.004082483
T1,3/6/2018,PSTR 2 19,PSTR,OS,OS,OS Native,alive,14.44,0,0
T1,3/9/2018,PSTR 2 20,PSTR,OS,NS,NS Transplant,alive,15.63126095,0.01,0.007071068
T1,3/9/2018,PSTR 2 21,PSTR,OS,NS,NS Transplant,alive,11.74833625,2.18E-15,1.54E-15
T1,3/9/2018,PSTR 2 22,PSTR,OS,NS,NS Transplant,alive,16.27177758,0.005773503,0.004082483
T1,3/9/2018,PSTR 2 23,PSTR,OS,NS,NS Transplant,alive,14.13782837,0.01,0.007071068
T1,3/9/2018,PSTR 2 24,PSTR,OS,NS,NS Transplant,alive,16.18880911,0,0
T1,3/9/2018,PSTR 2 25,PSTR,OS,NS,NS Transplant,alive,12.27601576,0.017320508,0.012247449
T1,3/8/2018,PSTR 3 1,PSTR,NS,NS,NS Native,alive,18.27629597,0.005773503,0.004082483
T1,3/8/2018,PSTR 3 2,PSTR,NS,NS,NS Native,alive,29.8952014,0.005773503,0.004082483
T1,3/8/2018,PSTR 3 3,PSTR,NS,NS,NS Native,alive,19.32833625,0.005773503,0.004082483
T1,3/8/2018,PSTR 3 4,PSTR,NS,NS,NS Native,alive,16.24854641,0.01,0.007071068
T1,3/8/2018,PSTR 3 5,PSTR,NS,NS,NS Native,alive,11.08790718,0.005773503,0.004082483
T1,3/8/2018,PSTR 3 6,PSTR,NS,NS,NS Native,alive,25.33857268,0.017320508,0.012247449
T1,3/7/2018,PSTR 3 7,PSTR,NS,OS,OS Transplant,alive,17.52957968,0.005773503,0.004082483
T1,3/7/2018,PSTR 3 8,PSTR,NS,OS,OS Transplant,alive,9.543034151,0.007071068,0.005
T1,3/7/2018,PSTR 3 9,PSTR,NS,NS,OS Transplant,alive,23.87500876,0,0
T1,3/7/2018,PSTR 3 10,PSTR,NS,OS,OS Transplant,alive,28.41172504,0.005773503,0.004082483
T1,3/7/2018,PSTR 3 11,PSTR,NS,OS,OS Transplant,alive,34.20292469,0.011547005,0.008164966
T1,3/7/2018,PSTR 3 12,PSTR,NS,OS,OS Transplant,alive,17.90791594,0.005773503,0.004082483
T1,3/6/2018,PSTR 3 14,PSTR,OS,OS,OS Native,alive,6.615877193,0.005773503,0.004082483
T1,3/6/2018,PSTR 3 15,PSTR,OS,OS,OS Native,alive,9.68777193,0.005773503,0.004082483
T1,3/6/2018,PSTR 3 16,PSTR,OS,OS,OS Native,alive,10.7582807,0.005773503,0.004082483
T1,3/6/2018,PSTR 3 17,PSTR,OS,OS,OS Native,alive,6.486219298,0.005773503,0.004082483
T1,3/6/2018,PSTR 3 18,PSTR,OS,OS,OS Native,alive,9.817429825,0.005773503,0.004082483
T1,3/6/2018,PSTR 3 19,PSTR,OS,OS,OS Native,alive,5.901096491,0.005773503,0.004082483
T1,3/9/2018,PSTR 3 20,PSTR,OS,NS,NS Transplant,alive,7.16739245,0,0
T1,3/9/2018,PSTR 3 21,PSTR,OS,NS,NS Transplant,alive,6.009429324,0,0
T1,3/9/2018,PSTR 3 22,PSTR,OS,NS,NS Transplant,alive,12.72428446,0.005773503,0.004082483
T1,3/9/2018,PSTR 3 23,PSTR,OS,NS,NS Transplant,alive,7.330438982,0.005773503,0.004082483
T1,3/9/2018,PSTR 3 24,PSTR,OS,NS,NS Transplant,alive,7.377023705,0,0
T1,3/9/2018,PSTR 3 25,PSTR,OS,NS,NS Transplant,alive,11.0339245,0.005773503,0.004082483
T1,3/8/2018,PSTR 4 1,PSTR,NS,NS,NS Native,alive,19.11940403,0.005773503,0.004082483
T1,3/8/2018,PSTR 4 2,PSTR,NS,NS,NS Native,alive,16.84407537,0.005773503,0.004082483
T1,3/8/2018,PSTR 4 3,PSTR,NS,NS,NS Native,alive,24.6765206,0.005773503,0.004082483
T1,3/8/2018,PSTR 4 4,PSTR,NS,NS,NS Native,alive,23.78631902,0.01,0.007071068
T1,3/8/2018,PSTR 4 5,PSTR,NS,NS,NS Native,alive,16.94704645,0.005773503,0.004082483
T1,3/8/2018,PSTR 4 6,PSTR,NS,NS,NS Native,alive,23.51394391,0.005773503,0.004082483
T1,3/7/2018,PSTR 4 7,PSTR,NS,OS,OS Transplant,alive,15.27646181,0.005773503,0.004082483
T1,3/7/2018,PSTR 4 8,PSTR,NS,OS,OS Transplant,alive,14.39135206,0.005773503,0.004082483
T1,3/7/2018,PSTR 4 9,PSTR,NS,OS,OS Transplant,alive,21.85821773,0.005773503,0.004082483
T1,3/7/2018,PSTR 4 10,PSTR,NS,OS,OS Transplant,alive,19.46575944,0,0
T1,3/7/2018,PSTR 4 11,PSTR,NS,OS,OS Transplant,alive,11.80922739,0,0
T1,3/7/2018,PSTR 4 12,PSTR,NS,OS,OS Transplant,alive,20.12127305,0.005773503,0.004082483
T1,3/6/2018,PSTR 4 14,PSTR,OS,OS,OS Native,alive,17.04167838,0.005773503,0.004082483
T1,3/6/2018,PSTR 4 15,PSTR,OS,OS,OS Native,alive,18.35385764,0.017320508,0.012247449
T1,3/6/2018,PSTR 4 16,PSTR,OS,OS,OS Native,alive,15.00680141,0.026457513,0.018708287
T1,3/6/2018,PSTR 4 17,PSTR,OS,OS,OS Native,alive,18.74351494,0.01,0.007071068
T1,3/6/2018,PSTR 4 18,PSTR,OS,OS,OS Native,alive,14.8436116,0.005773503,0.004082483
T1,3/6/2018,PSTR 4 19,PSTR,OS,OS,OS Native,alive,9.34844464,0.005773503,0.004082483
T1,3/9/2018,PSTR 4 20,PSTR,OS,NS,NS Transplant,alive,16.34354386,0.011547005,0.008164966
T1,3/9/2018,PSTR 4 21,PSTR,OS,NS,NS Transplant,alive,16.04433333,0.005773503,0.004082483
T1,3/9/2018,PSTR 4 22,PSTR,OS,NS,NS Transplant,alive,10.29616667,0.015275252,0.010801234
T1,3/9/2018,PSTR 4 23,PSTR,OS,NS,NS Transplant,alive,10.34603509,0.011547005,0.008164966
T1,3/9/2018,PSTR 4 24,PSTR,OS,NS,NS Transplant,alive,22.51725439,0.005773503,0.004082483
T1,3/9/2018,PSTR 4 25,PSTR,OS,NS,NS Transplant,alive,17.45062281,0.015275252,0.010801234
T1,3/8/2018,PSTR 5 1,PSTR,NS,NS,NS Native,alive,20.11257669,0.005773503,0.004082483
T1,3/8/2018,PSTR 5 2,PSTR,NS,NS,NS Native,alive,26.13140228,0.005773503,0.004082483
T1,3/8/2018,PSTR 5 3,PSTR,NS,NS,NS Native,alive,22.19192813,0.01,0.007071068
T1,3/8/2018,PSTR 5 4,PSTR,NS,NS,NS Native,alive,38.14912358,0.005773503,0.004082483
T1,3/8/2018,PSTR 5 5,PSTR,NS,NS,NS Native,alive,11.13748466,0.005773503,0.004082483
T1,3/8/2018,PSTR 5 6,PSTR,NS,NS,NS Native,alive,15.75457493,0.01,0.007071068
T1,3/7/2018,PSTR 5 7,PSTR,NS,OS,OS Transplant,alive,22.22333333,0.005773503,0.004082483
T1,3/7/2018,PSTR 5 8,PSTR,NS,OS,OS Transplant,alive,18.66333333,0.005773503,0.004082483
T1,3/7/2018,PSTR 5 9,PSTR,NS,OS,OS Transplant,alive,28,0.01,0.007071068
T1,3/7/2018,PSTR 5 10,PSTR,NS,OS,OS Transplant,alive,22.39666667,0.005773503,0.004082483
T1,3/7/2018,PSTR 5 11,PSTR,NS,OS,OS Transplant,alive,23.05666667,0.005773503,0.004082483
T1,3/7/2018,PSTR 5 12,PSTR,NS,OS,OS Transplant,alive,17.08,0.01,0.005773503
T1,3/6/2018,PSTR 5 14,PSTR,OS,OS,OS Native,alive,17.03348472,0.011547005,0.008164966
T1,3/6/2018,PSTR 5 15,PSTR,OS,OS,OS Native,alive,15.81869869,0.01,0.007071068
T1,3/6/2018,PSTR 5 16,PSTR,OS,OS,OS Native,alive,21.55831441,0.02,0.014142136
T1,3/6/2018,PSTR 5 17,PSTR,OS,OS,OS Native,alive,11.49578166,0.015275252,0.010801234
T1,3/6/2018,PSTR 5 18,PSTR,OS,OS,OS Native,alive,15.69622707,0.005773503,0.004082483
T1,3/6/2018,PSTR 5 19,PSTR,OS,OS,OS Native,alive,17.41413974,0.005773503,0.004082483
T1,3/9/2018,PSTR 5 20,PSTR,OS,NS,NS Transplant,alive,14.89666667,0.005773503,0.004082483
T1,3/9/2018,PSTR 5 21,PSTR,OS,NS,NS Transplant,alive,18.23,0,0
T1,3/9/2018,PSTR 5 22,PSTR,OS,NS,NS Transplant,alive,24.98666667,0.005773503,0.004082483
T1,3/9/2018,PSTR 5 23,PSTR,OS,NS,NS Transplant,alive,16.43,0,0
T1,3/9/2018,PSTR 5 24,PSTR,OS,NS,NS Transplant,alive,10.68333333,0.005773503,0.004082483
T1,3/9/2018,PSTR 5 25,PSTR,OS,NS,NS Transplant,alive,13.15666667,0.005773503,0.004082483
T1,3/8/2018,PSTR 6 1,PSTR,NS,NS,NS Native,alive,27.20488596,0.011547005,0.008164966
T1,3/8/2018,PSTR 6 2,PSTR,NS,NS,NS Native,alive,21.35698246,0.005773503,0.004082483
T1,3/8/2018,PSTR 6 3,PSTR,NS,NS,NS Native,alive,16.94196491,0.005773503,0.004082483
T1,3/8/2018,PSTR 6 4,PSTR,NS,NS,NS Native,alive,24.82782456,0.005773503,0.004082483
T1,3/8/2018,PSTR 6 5,PSTR,NS,NS,NS Native,alive,13.68389474,0,0
T1,3/8/2018,PSTR 6 6,PSTR,NS,NS,NS Native,alive,20.78848246,0.005773503,0.004082483
T1,3/7/2018,PSTR 6 7,PSTR,NS,OS,OS Transplant,alive,18.18265845,0.005773503,0.004082483
T1,3/7/2018,PSTR 6 8,PSTR,NS,OS,OS Transplant,alive,35.09086268,0,0
T1,3/7/2018,PSTR 6 9,PSTR,NS,OS,OS Transplant,alive,19.46044894,0.005773503,0.004082483
T1,3/7/2018,PSTR 6 10,PSTR,NS,OS,OS Transplant,alive,19.53384683,0.005773503,0.004082483
T1,3/7/2018,PSTR 6 11,PSTR,NS,OS,OS Transplant,alive,12.45762324,0.005773503,0.004082483
T1,3/7/2018,PSTR 6 12,PSTR,NS,OS,OS Transplant,alive,11.75033451,0,0
T1,3/6/2018,PSTR 6 14,PSTR,OS,OS,OS Native,alive,14.00768014,0.01,0.007071068
T1,3/6/2018,PSTR 6 15,PSTR,OS,OS,OS Native,alive,38.58273286,0.005773503,0.004082483
T1,3/6/2018,PSTR 6 16,PSTR,OS,OS,OS Native,alive,10.44414763,0.005773503,0.004082483
T1,3/6/2018,PSTR 6 17,PSTR,OS,OS,OS Native,alive,15.20995606,0.011547005,0.008164966
T1,3/6/2018,PSTR 6 18,PSTR,OS,OS,OS Native,alive,21.96734622,0.005773503,0.004082483
T1,3/6/2018,PSTR 6 19,PSTR,OS,OS,OS Native,alive,19.91914763,0.005773503,0.004082483
T1,3/9/2018,PSTR 6 20,PSTR,OS,NS,NS Transplant,alive,21.11524059,0.005773503,0.004082483
T1,3/9/2018,PSTR 6 21,PSTR,OS,NS,NS Transplant,alive,11.9204287,0.011547005,0.008164966
T1,3/9/2018,PSTR 6 22,PSTR,OS,NS,NS Transplant,alive,16.53607174,0.005773503,0.004082483
T1,3/9/2018,PSTR 6 23,PSTR,OS,NS,NS Transplant,alive,14.58304462,0.01,0.007071068
T1,3/9/2018,PSTR 6 24,PSTR,OS,NS,NS Transplant,alive,30.40621172,0.011547005,0.008164966
T1,3/9/2018,PSTR 6 25,PSTR,OS,NS,NS Transplant,alive,14.21830271,0.005773503,0.004082483
T1,3/8/2018,SSID 1 1,SSID,NS,NS,NS Native,alive,30.07333333,0.005773503,0.004082483
T1,3/8/2018,SSID 1 2,SSID,NS,NS,NS Native,alive,19.74333333,0.005773503,0.004082483
T1,3/8/2018,SSID 1 3,SSID,NS,NS,NS Native,alive,23.5,0,0
T1,3/8/2018,SSID 1 4,SSID,NS,NS,NS Native,alive,18.76,0,0
T1,3/8/2018,SSID 1 5,SSID,NS,NS,NS Native,alive,20.02666667,0.005773503,0.004082483
T1,3/8/2018,SSID 1 6,SSID,NS,NS,NS Native,alive,26.37333333,0.011547005,0.008164966
T1,3/7/2018,SSID 1 7,SSID,NS,OS,OS Transplant,alive,19.22261404,0.015275252,0.008819171
T1,3/7/2018,SSID 1 8,SSID,NS,OS,OS Transplant,dead,10.33273684,0,0
T1,3/7/2018,SSID 1 9,SSID,NS,OS,OS Transplant,alive,13.9199386,0.005773503,0.004082483
T1,3/7/2018,SSID 1 10,SSID,NS,OS,OS Transplant,alive,14.00305263,0,0
T1,3/7/2018,SSID 1 11,SSID,NS,OS,OS Transplant,alive,19.02646491,0.005773503,0.004082483
T1,3/7/2018,SSID 1 12,SSID,NS,OS,OS Transplant,alive,32.04544737,0,0
T1,3/6/2018,SSID 1 14,SSID,OS,OS,OS Native,alive,22.82628722,0.005773503,0.004082483
T1,3/6/2018,SSID 1 15,SSID,OS,OS,OS Native,alive,12.51496497,0,0
T1,3/6/2018,SSID 1 16,SSID,OS,OS,OS Native,alive,18.03402802,0.005773503,0.004082483
T1,3/6/2018,SSID 1 17,SSID,OS,OS,OS Native,alive,16.67002627,0.005773503,0.004082483
T1,3/6/2018,SSID 1 18,SSID,OS,OS,OS Native,alive,24.11727671,0.011547005,0.008164966
T1,3/6/2018,SSID 1 19,SSID,OS,OS,OS Native,alive,18.23315236,0.011547005,0.008164966
T1,3/9/2018,SSID 1 20,SSID,OS,NS,NS Transplant,alive,12.80333333,0.005773503,0.004082483
T1,3/9/2018,SSID 1 21,SSID,OS,NS,NS Transplant,alive,26.88666667,0.015275252,0.010801234
T1,3/9/2018,SSID 1 22,SSID,OS,NS,NS Transplant,alive,22.52666667,0.005773503,0.004082483
T1,3/9/2018,SSID 1 23,SSID,OS,NS,NS Transplant,alive,14.93666667,0.005773503,0.004082483
T1,3/9/2018,SSID 1 24,SSID,OS,NS,NS Transplant,alive,19.79,0,0
T1,3/9/2018,SSID 1 25,SSID,OS,NS,NS Transplant,alive,17.80333333,0.005773503,0.004082483
T1,3/8/2018,SSID 2 1,SSID,NS,NS,NS Native,alive,30.25677788,0,0
T1,3/8/2018,SSID 2 2,SSID,NS,NS,NS Native,alive,23.61179982,0.005773503,0.004082483
T1,3/8/2018,SSID 2 3,SSID,NS,NS,NS Native,alive,25.49848112,0.005773503,0.004082483
T1,3/8/2018,SSID 2 4,SSID,NS,NS,NS Native,alive,20.31093942,0.005773503,0.004082483
T1,3/8/2018,SSID 2 5,SSID,NS,NS,NS Native,alive,21.33580334,0.005773503,0.004082483
T1,3/8/2018,SSID 2 6,SSID,NS,NS,NS Native,alive,28.85923617,0,0
T1,3/7/2018,SSID 2 7,SSID,NS,OS,OS Transplant,alive,18.5248291,0,0
T1,3/7/2018,SSID 2 8,SSID,NS,OS,OS Transplant,alive,32.57872042,0.005773503,0.004082483
T1,3/7/2018,SSID 2 9,SSID,NS,OS,OS Transplant,alive,29.27368098,0.005773503,0.004082483
T1,3/7/2018,SSID 2 10,SSID,NS,OS,OS Transplant,alive,24.29120947,0.005773503,0.004082483
T1,3/7/2018,SSID 2 11,SSID,NS,OS,OS Transplant,alive,32.41595968,0,0
T1,3/7/2018,SSID 2 12,SSID,NS,OS,OS Transplant,alive,22.97583699,0.005773503,0.004082483
T1,3/6/2018,SSID 2 14,SSID,OS,OS,OS Native,alive,27.1671979,0.005773503,0.004082483
T1,3/6/2018,SSID 2 15,SSID,OS,OS,OS Native,alive,26.71253065,0,0
T1,3/6/2018,SSID 2 16,SSID,OS,OS,OS Native,alive,20.08500876,0.005773503,0.004082483
T1,3/6/2018,SSID 2 17,SSID,OS,OS,OS Native,alive,22.8760683,0.005773503,0.004082483
T1,3/6/2018,SSID 2 18,SSID,OS,OS,OS Native,alive,9.116576182,0.005773503,0.004082483
T1,3/6/2018,SSID 2 19,SSID,OS,OS,OS Native,alive,51.23801226,0.005773503,0.004082483
T1,3/9/2018,SSID 2 20,SSID,OS,NS,NS Transplant,alive,35.7722807,0.005773503,0.004082483
T1,3/9/2018,SSID 2 21,SSID,OS,NS,NS Transplant,alive,14.96385088,0.005773503,0.004082483
T1,3/9/2018,SSID 2 22,SSID,OS,NS,NS Transplant,alive,32.14185965,0.015275252,0.010801234
T1,3/9/2018,SSID 2 23,SSID,OS,NS,NS Transplant,alive,14.24574561,0.005773503,0.004082483
T1,3/9/2018,SSID 2 24,SSID,OS,NS,NS Transplant,alive,19.96399123,0.005773503,0.004082483
T1,3/9/2018,SSID 2 25,SSID,OS,NS,NS Transplant,alive,23.31847368,0,0
T1,3/8/2018,SSID 3 1,SSID,NS,NS,NS Native,alive,32.45436842,0,0
T1,3/8/2018,SSID 3 2,SSID,NS,NS,NS Native,alive,25.40629825,0.011547005,0.008164966
T1,3/8/2018,SSID 3 3,SSID,NS,NS,NS Native,alive,39.60217544,0.005773503,0.003333333
T1,3/8/2018,SSID 3 4,SSID,NS,NS,NS Native,alive,33.31210526,0,0
T1,3/8/2018,SSID 3 5,SSID,NS,NS,NS Native,alive,32.00887719,0.011547005,0.008164966
T1,3/8/2018,SSID 3 6,SSID,NS,NS,NS Native,alive,39.18660526,0,0
T1,3/7/2018,SSID 3 7,SSID,NS,OS,OS Transplant,alive,23.32460999,0.005773503,0.004082483
T1,3/7/2018,SSID 3 8,SSID,NS,OS,OS Transplant,alive,30.49604733,0.005773503,0.004082483
T1,3/7/2018,SSID 3 9,SSID,NS,OS,OS Transplant,alive,20.59753725,0,0
T1,3/7/2018,SSID 3 10,SSID,NS,OS,OS Transplant,alive,34.82415425,0.005773503,0.004082483
T1,3/7/2018,SSID 3 11,SSID,NS,OS,OS Transplant,alive,32.92085013,0.005773503,0.004082483
T1,3/7/2018,SSID 3 12,SSID,NS,OS,OS Transplant,alive,28.87840491,0,0
T1,3/6/2018,SSID 3 14,SSID,OS,OS,OS Native,alive,14.89094654,0.005773503,0.004082483
T1,3/6/2018,SSID 3 15,SSID,OS,OS,OS Native,alive,13.13711656,0.005773503,0.004082483
T1,3/6/2018,SSID 3 16,SSID,OS,OS,OS Native,alive,9.45340929,0.005773503,0.004082483
T1,3/6/2018,SSID 3 17,SSID,OS,OS,OS Native,alive,14.85773006,0.01,0.007071068
T1,3/6/2018,SSID 3 18,SSID,OS,OS,OS Native,alive,9.675959684,0,0
T1,3/6/2018,SSID 3 19,SSID,OS,OS,OS Native,alive,9.390297984,0.005773503,0.004082483
T1,3/9/2018,SSID 3 20,SSID,OS,NS,NS Transplant,alive,14.96717544,0.005773503,0.004082483
T1,3/9/2018,SSID 3 21,SSID,OS,NS,NS Transplant,alive,14.32885965,0.005773503,0.004082483
T1,3/9/2018,SSID 3 22,SSID,OS,NS,NS Transplant,alive,21.51323684,4.35E-15,3.08E-15
T1,3/9/2018,SSID 3 23,SSID,OS,NS,NS Transplant,alive,13.84347368,0.01,0.007071068
T1,3/9/2018,SSID 3 24,SSID,OS,NS,NS Transplant,alive,26.77601754,0.005773503,0.004082483
T1,3/9/2018,SSID 3 25,SSID,OS,NS,NS Transplant,alive,10.09336842,0,0
T1,3/8/2018,SSID 4 1,SSID,NS,NS,NS Native,alive,15.62753281,0,0
T1,3/8/2018,SSID 4 2,SSID,NS,NS,NS Native,alive,14.12214348,0.005773503,0.004082483
T1,3/8/2018,SSID 4 3,SSID,NS,NS,NS Native,alive,18.70131234,0,0
T1,3/8/2018,SSID 4 4,SSID,NS,NS,NS Native,alive,16.97044619,0,0
T1,3/8/2018,SSID 4 5,SSID,NS,NS,NS Native,alive,23.60543307,0,0
T1,3/8/2018,SSID 4 6,SSID,NS,NS,NS Native,alive,23.09811024,0,0
T1,3/7/2018,SSID 4 7,SSID,NS,OS,OS Transplant,dead,9.475,0,0
T1,3/7/2018,SSID 4 8,SSID,NS,OS,OS Transplant,alive,11.21374561,0.005773503,0.004082483
T1,3/7/2018,SSID 4 9,SSID,NS,OS,OS Transplant,alive,10.64192105,0,0
T1,3/7/2018,SSID 4 10,SSID,NS,OS,OS Transplant,missing,NA,NA,NA
T1,3/7/2018,SSID 4 11,SSID,NS,OS,OS Transplant,alive,17.48054386,0.005773503,0.004082483
T1,3/7/2018,SSID 4 12,SSID,NS,OS,OS Transplant,dead,7.55672807,0.005773503,0.004082483
T1,3/6/2018,SSID 4 14,SSID,OS,OS,OS Native,alive,8.09063867,0.005773503,0.004082483
T1,3/6/2018,SSID 4 15,SSID,OS,OS,OS Native,alive,7.324680665,0.005773503,0.004082483
T1,3/6/2018,SSID 4 16,SSID,OS,OS,OS Native,alive,13.54187227,0.005773503,0.004082483
T1,3/6/2018,SSID 4 17,SSID,OS,OS,OS Native,alive,7.954689414,0.005773503,0.004082483
T1,3/6/2018,SSID 4 18,SSID,OS,OS,OS Native,alive,4.227690289,0.01,0.007071068
T1,3/6/2018,SSID 4 19,SSID,OS,OS,OS Native,alive,9.639133858,0,0
T1,3/9/2018,SSID 4 20,SSID,OS,NS,NS Transplant,alive,12.20778947,0,0
T1,3/9/2018,SSID 4 21,SSID,OS,NS,NS Transplant,alive,16.82560526,0.01,0.007071068
T1,3/9/2018,SSID 4 22,SSID,OS,NS,NS Transplant,alive,14.41197368,2.18E-15,1.54E-15
T1,3/9/2018,SSID 4 23,SSID,OS,NS,NS Transplant,alive,25.26999123,0.005773503,0.004082483
T1,3/9/2018,SSID 4 24,SSID,OS,NS,NS Transplant,alive,22.89459211,6.148986095,4.347989765
T1,3/9/2018,SSID 4 25,SSID,OS,NS,NS Transplant,alive,11.50630702,0.005773503,0.004082483
T1,3/8/2018,SSID 5 1,SSID,NS,NS,NS Native,alive,26.16666667,0.005773503,0.004082483
T1,3/8/2018,SSID 5 2,SSID,NS,NS,NS Native,alive,26.55666667,0.005773503,0.004082483
T1,3/8/2018,SSID 5 3,SSID,NS,NS,NS Native,alive,15.63,0.01,0.007071068
T1,3/8/2018,SSID 5 4,SSID,NS,NS,NS Native,alive,38.29,0,0
T1,3/8/2018,SSID 5 5,SSID,NS,NS,NS Native,alive,21.08333333,0.005773503,0.004082483
T1,3/8/2018,SSID 5 6,SSID,NS,NS,NS Native,alive,17.44666667,0.005773503,0.004082483
T1,3/7/2018,SSID 5 7,SSID,NS,OS,OS Transplant,dead,11.65258772,0.005773503,0.004082483
T1,3/7/2018,SSID 5 8,SSID,NS,OS,OS Transplant,dead,9.471675439,0.005773503,0.004082483
T1,3/7/2018,SSID 5 9,SSID,NS,OS,OS Transplant,alive,27.63707895,4.35E-15,3.08E-15
T1,3/7/2018,SSID 5 10,SSID,NS,OS,OS Transplant,alive,24.97742982,0.005773503,0.004082483
T1,3/7/2018,SSID 5 11,SSID,NS,OS,OS Transplant,alive,9.514894737,0,0
T1,3/7/2018,SSID 5 12,SSID,NS,OS,OS Transplant,alive,14.31888596,0.005773503,0.004082483
T1,3/6/2018,SSID 5 14,SSID,OS,OS,OS Native,alive,8.883333333,0.005773503,0.004082483
T1,3/6/2018,SSID 5 15,SSID,OS,OS,OS Native,alive,6.913333333,0.011547005,0.008164966
T1,3/6/2018,SSID 5 16,SSID,OS,OS,OS Native,alive,7.013333333,0.005773503,0.004082483
T1,3/6/2018,SSID 5 17,SSID,OS,OS,OS Native,alive,8.046666667,0.005773503,0.004082483
T1,3/6/2018,SSID 5 18,SSID,OS,OS,OS Native,alive,10.7,2.18E-15,1.54E-15
T1,3/6/2018,SSID 5 19,SSID,OS,OS,OS Native,alive,7.666666667,0.005773503,0.004082483
T1,3/9/2018,SSID 5 20,SSID,OS,NS,NS Transplant,alive,12.33659947,0.01,0.007071068
T1,3/9/2018,SSID 5 21,SSID,OS,NS,NS Transplant,alive,16.31261174,0.01,0.007071068
T1,3/9/2018,SSID 5 22,SSID,OS,NS,NS Transplant,alive,16.2328922,0,0
T1,3/9/2018,SSID 5 23,SSID,OS,NS,NS Transplant,alive,10.47647677,0.005773503,0.004082483
T1,3/9/2018,SSID 5 24,SSID,OS,NS,NS Transplant,alive,17.35893076,0.01,0.007071068
T1,3/9/2018,SSID 5 25,SSID,OS,NS,NS Transplant,alive,8.503418054,0.005773503,0.004082483
T1,3/8/2018,SSID 6 1,SSID,NS,NS,NS Native,alive,28.03207349,4.35E-15,3.08E-15
T1,3/8/2018,SSID 6 2,SSID,NS,NS,NS Native,alive,26.36420822,0.005773503,0.004082483
T1,3/8/2018,SSID 6 3,SSID,NS,NS,NS Native,alive,38.81848644,0.005773503,0.004082483
T1,3/8/2018,SSID 6 4,SSID,NS,NS,NS Native,alive,19.03289589,0.005773503,0.004082483
T1,3/8/2018,SSID 6 5,SSID,NS,NS,NS Native,alive,16.31059493,0.005773503,0.004082483
T1,3/8/2018,SSID 6 6,SSID,NS,NS,NS Native,alive,25.11745407,0.01,0.007071068
T1,3/7/2018,SSID 6 7,SSID,NS,OS,OS Transplant,alive,25.53524934,0,0
T1,3/7/2018,SSID 6 8,SSID,NS,OS,OS Transplant,alive,17.64687664,0.034641016,0.024494897
T1,3/7/2018,SSID 6 9,SSID,NS,OS,OS Transplant,alive,20.87650044,0.005773503,0.004082483
T1,3/7/2018,SSID 6 10,SSID,NS,OS,OS Transplant,alive,21.68888014,0.005773503,0.004082483
T1,3/7/2018,SSID 6 11,SSID,NS,OS,OS Transplant,alive,15.22963255,0,0
T1,3/7/2018,SSID 6 12,SSID,NS,OS,OS Transplant,alive,12.72286089,0.01,0.007071068
T1,3/6/2018,SSID 6 14,SSID,OS,OS,OS Native,alive,18.84048161,0.040414519,0.02857738
T1,3/6/2018,SSID 6 15,SSID,OS,OS,OS Native,alive,12.59793345,0.005773503,0.004082483
T1,3/6/2018,SSID 6 16,SSID,OS,OS,OS Native,alive,14.22743433,0,0
T1,3/6/2018,SSID 6 17,SSID,OS,OS,OS Native,alive,8.841120841,0,0
T1,3/6/2018,SSID 6 18,SSID,OS,OS,OS Native,alive,9.073432574,0.011547005,0.008164966
T1,3/6/2018,SSID 6 19,SSID,OS,OS,OS Native,alive,14.70533275,2.18E-15,1.54E-15
T1,3/9/2018,SSID 6 20,SSID,OS,NS,NS Transplant,alive,18.86363716,0.01,0.007071068
T1,3/9/2018,SSID 6 21,SSID,OS,NS,NS Transplant,alive,16.43883436,0.005773503,0.004082483
T1,3/9/2018,SSID 6 22,SSID,OS,NS,NS Transplant,alive,13.60546889,0.005773503,0.004082483
T1,3/9/2018,SSID 6 23,SSID,OS,NS,NS Transplant,alive,13.07400526,0,0
T1,3/9/2018,SSID 6 24,SSID,OS,NS,NS Transplant,alive,11.85163891,0.005773503,0.004082483
T1,3/9/2018,SSID 6 25,SSID,OS,NS,NS Transplant,alive,14.5122787,0.005773503,0.004082483
T2,9/24/2018,PSTR 1 2,PSTR,NS,NS,NS Native,alive,40.95518745,0.005773503,0.004082483
T2,9/24/2018,PSTR 1 3,PSTR,NS,NS,NS Native,alive,31.14542284,0.005773503,0.004082483
T2,9/24/2018,PSTR 1 4,PSTR,NS,NS,NS Native,alive,22.91926765,0,0
T2,9/24/2018,PSTR 1 5,PSTR,NS,NS,NS Native,alive,20.95135135,0,0
T2,9/24/2018,PSTR 1 6,PSTR,NS,NS,NS Native,alive,33.51421099,0.017320508,0.012247449
T2,9/26/2018,PSTR 1 7,PSTR,NS,OS,OS Transplant,alive,42.08209607,0.005773503,0.004082483
T2,9/26/2018,PSTR 1 9,PSTR,NS,OS,OS Transplant,alive,25.09659389,0.005773503,0.004082483
T2,9/26/2018,PSTR 1 10,PSTR,NS,OS,OS Transplant,alive,25.17292576,0.005773503,0.004082483
T2,9/26/2018,PSTR 1 11,PSTR,NS,OS,OS Transplant,alive,30.75842795,0.005773503,0.004082483
T2,9/26/2018,PSTR 1 12,PSTR,NS,OS,OS Transplant,alive,32.11912664,0.01,0.007071068
T2,9/26/2018,PSTR 1 15,PSTR,OS,OS,OS Native,alive,23.35423581,0.015275252,0.010801234
T2,9/26/2018,PSTR 1 16,PSTR,OS,OS,OS Native,alive,29.50724891,0.015275252,0.010801234
T2,9/26/2018,PSTR 1 17,PSTR,OS,OS,OS Native,alive,22.93275109,0.015275252,0.010801234
T2,9/26/2018,PSTR 1 18,PSTR,OS,OS,OS Native,alive,13.74969432,0.01,0.007071068
T2,9/26/2018,PSTR 1 19,PSTR,OS,OS,OS Native,alive,21.66165939,0.02081666,0.014719601
T2,9/25/2018,PSTR 1 21,PSTR,OS,NS,NS Transplant,alive,29.95294118,0.005773503,0.004082483
T2,9/25/2018,PSTR 1 22,PSTR,OS,NS,NS Transplant,alive,17.30184372,0.015275252,0.010801234
T2,9/25/2018,PSTR 1 23,PSTR,OS,NS,NS Transplant,alive,28.21808604,0.023094011,0.016329932
T2,9/25/2018,PSTR 1 24,PSTR,OS,NS,NS Transplant,alive,23.42054434,0.01,0.007071068
T2,9/25/2018,PSTR 1 25,PSTR,OS,NS,NS Transplant,alive,29.19227392,0.02081666,0.014719601
T2,9/24/2018,PSTR 2 2,PSTR,NS,NS,NS Native,alive,37.72904348,0.01,0.007071068
T2,9/24/2018,PSTR 2 3,PSTR,NS,NS,NS Native,alive,28.08695652,0.005773503,0.004082483
T2,9/24/2018,PSTR 2 4,PSTR,NS,NS,NS Native,alive,23.95982609,0.01,0.007071068
T2,9/24/2018,PSTR 2 5,PSTR,NS,NS,NS Native,alive,42.70869565,0.015275252,0.010801234
T2,9/24/2018,PSTR 2 6,PSTR,NS,NS,NS Native,alive,19.93843478,0.011547005,0.008164966
T2,9/26/2018,PSTR 2 7,PSTR,NS,OS,OS Transplant,alive,17.19158633,0.028867513,0.020412415
T2,9/26/2018,PSTR 2 8,PSTR,NS,OS,OS Transplant,alive,16.62208589,0.015275252,0.010801234
T2,9/26/2018,PSTR 2 10,PSTR,NS,OS,OS Transplant,alive,28.11533742,0.017320508,0.012247449
T2,9/26/2018,PSTR 2 11,PSTR,NS,OS,OS Transplant,alive,20.82173532,0.01,0.007071068
T2,9/26/2018,PSTR 2 12,PSTR,NS,OS,OS Transplant,alive,32.58141981,0.01,0.007071068
T2,9/26/2018,PSTR 2 14,PSTR,OS,OS,OS Native,alive,16.09135802,0.005773503,0.004082483
T2,9/26/2018,PSTR 2 15,PSTR,OS,OS,OS Native,alive,21.55679012,0.005773503,0.004082483
T2,9/26/2018,PSTR 2 16,PSTR,OS,OS,OS Native,alive,17.54232804,0.017320508,0.012247449
T2,9/26/2018,PSTR 2 17,PSTR,OS,OS,OS Native,alive,15.90705467,0.005773503,0.004082483
T2,9/26/2018,PSTR 2 18,PSTR,OS,OS,OS Native,alive,16.27901235,0.011547005,0.008164966
T2,9/26/2018,PSTR 2 19,PSTR,OS,OS,OS Native,alive,22.40458554,0.005773503,0.004082483
T2,9/25/2018,PSTR 2 20,PSTR,OS,NS,NS Transplant,alive,26.05335658,0.005773503,0.004082483
T2,9/25/2018,PSTR 2 21,PSTR,OS,NS,NS Transplant,alive,16.19721011,0.015275252,0.010801234
T2,9/25/2018,PSTR 2 22,PSTR,OS,NS,NS Transplant,alive,25.68230166,0.01,0.007071068
T2,9/25/2018,PSTR 2 23,PSTR,OS,NS,NS Transplant,alive,22.06120314,0.011547005,0.008164966
T2,9/25/2018,PSTR 2 24,PSTR,OS,NS,NS Transplant,alive,23.45265911,0.015275252,0.010801234
T2,9/25/2018,PSTR 2 25,PSTR,OS,NS,NS Transplant,alive,19.73548387,0.011547005,0.008164966
T2,9/24/2018,PSTR 3 2,PSTR,NS,NS,NS Native,alive,36.68769772,0.011547005,0.008164966
T2,9/24/2018,PSTR 3 3,PSTR,NS,NS,NS Native,alive,29.88910369,0.015275252,0.010801234
T2,9/24/2018,PSTR 3 4,PSTR,NS,NS,NS Native,alive,24.75676626,0.011547005,0.008164966
T2,9/24/2018,PSTR 3 5,PSTR,NS,NS,NS Native,alive,15.76432337,0.005773503,0.004082483
T2,9/24/2018,PSTR 3 6,PSTR,NS,NS,NS Native,alive,35.98646749,0.02081666,0.014719601
T2,9/26/2018,PSTR 3 8,PSTR,NS,OS,OS Transplant,alive,13.22187227,0.005773503,0.004082483
T2,9/26/2018,PSTR 3 9,PSTR,NS,OS,OS Transplant,alive,32.60087489,0.015275252,0.010801234
T2,9/26/2018,PSTR 3 10,PSTR,NS,OS,OS Transplant,alive,35.10096238,0.005773503,0.004082483
T2,9/26/2018,PSTR 3 11,PSTR,NS,OS,OS Transplant,alive,40.86579178,0.005773503,0.004082483
T2,9/26/2018,PSTR 3 12,PSTR,NS,OS,OS Transplant,alive,25.64916885,0.005773503,0.004082483
T2,9/26/2018,PSTR 3 14,PSTR,OS,OS,OS Native,alive,8.067486819,0.015275252,0.010801234
T2,9/26/2018,PSTR 3 15,PSTR,OS,OS,OS Native,alive,12.56203866,0.02,0.014142136
T2,9/26/2018,PSTR 3 16,PSTR,OS,OS,OS Native,alive,14.79595782,0.01,0.007071068
T2,9/26/2018,PSTR 3 17,PSTR,OS,OS,OS Native,alive,6.648330404,0.011547005,0.008164966
T2,9/26/2018,PSTR 3 18,PSTR,OS,OS,OS Native,alive,11.86748682,0.015275252,0.010801234
T2,9/26/2018,PSTR 3 19,PSTR,OS,OS,OS Native,alive,7.630052724,0.011547005,0.008164966
T2,9/25/2018,PSTR 3 21,PSTR,OS,NS,NS Transplant,alive,7.819614711,0.011547005,0.008164966
T2,9/25/2018,PSTR 3 22,PSTR,OS,NS,NS Transplant,alive,15.76567426,0.011547005,0.008164966
T2,9/25/2018,PSTR 3 23,PSTR,OS,NS,NS Transplant,alive,8.192294221,0.011547005,0.008164966
T2,9/25/2018,PSTR 3 24,PSTR,OS,NS,NS Transplant,alive,10.62802102,0.011547005,0.008164966
T2,9/25/2018,PSTR 3 25,PSTR,OS,NS,NS Transplant,alive,11.40998249,0.017320508,0.012247449
T2,9/24/2018,PSTR 4 1,PSTR,NS,NS,NS Native,alive,29.10553117,0.01,0.007071068
T2,9/24/2018,PSTR 4 2,PSTR,NS,NS,NS Native,alive,25.42230026,0.02,0.014142136
T2,9/24/2018,PSTR 4 3,PSTR,NS,NS,NS Native,alive,34.56365233,0.005773503,0.004082483
T2,9/24/2018,PSTR 4 4,PSTR,NS,NS,NS Native,alive,31.19069359,0.005773503,0.004082483
T2,9/24/2018,PSTR 4 5,PSTR,NS,NS,NS Native,alive,25.65917471,0.011547005,0.008164966
T2,9/24/2018,PSTR 4 6,PSTR,NS,NS,NS Native,alive,32.66532046,0.011547005,0.008164966
T2,9/26/2018,PSTR 4 8,PSTR,NS,OS,OS Transplant,alive,20.16564417,0.011547005,0.008164966
T2,9/26/2018,PSTR 4 9,PSTR,NS,OS,OS Transplant,alive,28.17195443,0.005773503,0.004082483
T2,9/26/2018,PSTR 4 10,PSTR,NS,OS,OS Transplant,alive,25.13128834,0.011547005,0.008164966
T2,9/26/2018,PSTR 4 11,PSTR,NS,OS,OS Transplant,alive,16.96178791,0.005773503,0.004082483
T2,9/26/2018,PSTR 4 12,PSTR,NS,OS,OS Transplant,alive,27.98545136,0.01,0.007071068
T2,9/26/2018,PSTR 4 15,PSTR,OS,OS,OS Native,alive,20.75641476,0.01,0.007071068
T2,9/26/2018,PSTR 4 16,PSTR,OS,OS,OS Native,alive,21.12372583,0.005773503,0.004082483
T2,9/26/2018,PSTR 4 17,PSTR,OS,OS,OS Native,alive,27.33128295,0.005773503,0.004082483
T2,9/26/2018,PSTR 4 18,PSTR,OS,OS,OS Native,alive,19.74130053,0.011547005,0.008164966
T2,9/26/2018,PSTR 4 19,PSTR,OS,OS,OS Native,alive,13.87100176,0.005773503,0.004082483
T2,9/25/2018,PSTR 4 21,PSTR,OS,NS,NS Transplant,alive,22.91373239,0.005773503,0.004082483
T2,9/25/2018,PSTR 4 22,PSTR,OS,NS,NS Transplant,alive,15.51778169,0.005773503,0.004082483
T2,9/25/2018,PSTR 4 23,PSTR,OS,NS,NS Transplant,alive,15.16320423,0.01,0.007071068
T2,9/25/2018,PSTR 4 24,PSTR,OS,NS,NS Transplant,alive,30.97200704,0.025166115,0.01779513
T2,9/25/2018,PSTR 4 25,PSTR,OS,NS,NS Transplant,alive,23.55264085,0.017320508,0.012247449
T2,9/24/2018,PSTR 5 2,PSTR,NS,NS,NS Native,alive,36.720035,0.011547005,0.008164966
T2,9/24/2018,PSTR 5 3,PSTR,NS,NS,NS Native,alive,33.56167979,0.01,0.007071068
T2,9/24/2018,PSTR 5 4,PSTR,NS,NS,NS Native,alive,49.61609799,0.005773503,0.004082483
T2,9/24/2018,PSTR 5 5,PSTR,NS,NS,NS Native,alive,17.73000875,0.015275252,0.010801234
T2,9/24/2018,PSTR 5 6,PSTR,NS,NS,NS Native,alive,23.69098863,0.005773503,0.004082483
T2,9/26/2018,PSTR 5 7,PSTR,NS,OS,OS Transplant,alive,32.11033275,0.005773503,0.004082483
T2,9/26/2018,PSTR 5 8,PSTR,NS,OS,OS Transplant,alive,24.07110333,0.011547005,0.008164966
T2,9/26/2018,PSTR 5 9,PSTR,NS,OS,OS Transplant,alive,35.83380035,0.005773503,0.004082483
T2,9/26/2018,PSTR 5 10,PSTR,NS,OS,OS Transplant,alive,32.39982487,0.005773503,0.004082483
T2,9/26/2018,PSTR 5 11,PSTR,NS,OS,OS Transplant,alive,28.25709282,0.005773503,0.004082483
T2,9/26/2018,PSTR 5 12,PSTR,NS,OS,OS Transplant,alive,22.37408056,0.011547005,0.008164966
T2,9/26/2018,PSTR 5 15,PSTR,OS,OS,OS Native,alive,21.68943662,0.015275252,0.010801234
T2,9/26/2018,PSTR 5 16,PSTR,OS,OS,OS Native,alive,31.14929577,0.017320508,0.012247449
T2,9/26/2018,PSTR 5 17,PSTR,OS,OS,OS Native,alive,14.39049296,0.01,0.007071068
T2,9/26/2018,PSTR 5 18,PSTR,OS,OS,OS Native,alive,20.43503521,0.015275252,0.010801234
T2,9/26/2018,PSTR 5 19,PSTR,OS,OS,OS Native,alive,24.85387324,0.577350269,0.40824829
T2,9/25/2018,PSTR 5 21,PSTR,OS,NS,NS Transplant,alive,22.76986784,0.01,0.007071068
T2,9/25/2018,PSTR 5 22,PSTR,OS,NS,NS Transplant,alive,33.07171806,0.005773503,0.004082483
T2,9/25/2018,PSTR 5 23,PSTR,OS,NS,NS Transplant,alive,22.27770925,0.017320508,0.012247449
T2,9/25/2018,PSTR 5 24,PSTR,OS,NS,NS Transplant,alive,14.56387665,0.01,0.007071068
T2,9/25/2018,PSTR 5 25,PSTR,OS,NS,NS Transplant,alive,18.31030837,0,0
T2,9/24/2018,PSTR 6 1,PSTR,NS,NS,NS Native,alive,39.20682415,0.017320508,0.012247449
T2,9/24/2018,PSTR 6 2,PSTR,NS,NS,NS Native,alive,27.29151356,0.011547005,0.008164966
T2,9/24/2018,PSTR 6 3,PSTR,NS,NS,NS Native,alive,25.47296588,0.01,0.007071068
T2,9/24/2018,PSTR 6 4,PSTR,NS,NS,NS Native,alive,37.33175853,0.01,0.007071068
T2,9/24/2018,PSTR 6 5,PSTR,NS,NS,NS Native,alive,18.12230971,0.01,0.007071068
T2,9/24/2018,PSTR 6 6,PSTR,NS,NS,NS Native,alive,32.91006124,0.005773503,0.004082483
T2,9/26/2018,PSTR 6 8,PSTR,NS,OS,OS Transplant,alive,46.46979983,0.005773503,0.004082483
T2,9/26/2018,PSTR 6 9,PSTR,NS,OS,OS Transplant,alive,24.64873803,0.005773503,0.004082483
T2,9/26/2018,PSTR 6 10,PSTR,NS,OS,OS Transplant,alive,25.02245431,0,0
T2,9/26/2018,PSTR 6 11,PSTR,NS,OS,OS Transplant,alive,15.66301131,0.011547005,0.008164966
T2,9/26/2018,PSTR 6 12,PSTR,NS,OS,OS Transplant,alive,15.2562228,0.005773503,0.004082483
T2,9/26/2018,PSTR 6 15,PSTR,OS,OS,OS Native,alive,49.55930131,0.011547005,0.008164966
T2,9/26/2018,PSTR 6 16,PSTR,OS,OS,OS Native,alive,12.29275109,0.005773503,0.004082483
T2,9/26/2018,PSTR 6 17,PSTR,OS,OS,OS Native,alive,17.66585153,0.015275252,0.010801234
T2,9/26/2018,PSTR 6 18,PSTR,OS,OS,OS Native,alive,27.96069869,0.02081666,0.014719601
T2,9/26/2018,PSTR 6 19,PSTR,OS,OS,OS Native,alive,22.33537118,0.02081666,0.014719601
T2,9/25/2018,PSTR 6 21,PSTR,OS,NS,NS Transplant,alive,17.61153846,0.005773503,0.004082483
T2,9/25/2018,PSTR 6 22,PSTR,OS,NS,NS Transplant,alive,22.19545455,0.005773503,0.004082483
T2,9/25/2018,PSTR 6 23,PSTR,OS,NS,NS Transplant,alive,22.23863636,0.015275252,0.010801234
T2,9/25/2018,PSTR 6 24,PSTR,OS,NS,NS Transplant,alive,41.65384615,0.588897275,0.416413256
T2,9/25/2018,PSTR 6 25,PSTR,OS,NS,NS Transplant,alive,21.01958042,0.005773503,0.004082483
T2,9/24/2018,SSID 1 2,SSID,NS,NS,NS Native,alive,21.87333333,0.005773503,0.004082483
T2,9/24/2018,SSID 1 3,SSID,NS,NS,NS Native,alive,27.73666667,0.011547005,0.008164966
T2,9/24/2018,SSID 1 4,SSID,NS,NS,NS Native,alive,24.70333333,0.005773503,0.004082483
T2,9/24/2018,SSID 1 5,SSID,NS,NS,NS Native,alive,22.71666667,0.005773503,0.004082483
T2,9/24/2018,SSID 1 6,SSID,NS,NS,NS Native,alive,33.19666667,0.005773503,0.004082483
T2,9/26/2018,SSID 1 7,SSID,NS,OS,OS Transplant,alive,21.91233596,0.01,0.007071068
T2,9/26/2018,SSID 1 8,SSID,NS,OS,OS Transplant,dead,10.120035,0.025166115,0.01779513
T2,9/26/2018,SSID 1 9,SSID,NS,OS,OS Transplant,alive,13.79370079,0.017320508,0.012247449
T2,9/26/2018,SSID 1 10,SSID,NS,OS,OS Transplant,dead,13.88346457,0.01,0.007071068
T2,9/26/2018,SSID 1 11,SSID,NS,OS,OS Transplant,alive,18.19212598,0.01,0.007071068
T2,9/26/2018,SSID 1 12,SSID,NS,OS,OS Transplant,alive,34.25319335,0.02081666,0.014719601
T2,9/26/2018,SSID 1 15,SSID,OS,OS,OS Native,alive,13.59947461,0.005773503,0.004082483
T2,9/26/2018,SSID 1 16,SSID,OS,OS,OS Native,alive,19.99824869,0.02081666,0.014719601
T2,9/26/2018,SSID 1 17,SSID,OS,OS,OS Native,alive,19.0732049,0.025166115,0.01779513
T2,9/26/2018,SSID 1 18,SSID,OS,OS,OS Native,alive,25.90788091,0.011547005,0.008164966
T2,9/26/2018,SSID 1 19,SSID,OS,OS,OS Native,alive,21.89824869,0.005773503,0.004082483
T2,9/25/2018,SSID 1 21,SSID,OS,NS,NS Transplant,alive,33.71581722,0.011547005,0.008164966
T2,9/25/2018,SSID 1 22,SSID,OS,NS,NS Transplant,alive,26.31282953,0.011547005,0.008164966
T2,9/25/2018,SSID 1 23,SSID,OS,NS,NS Transplant,alive,18.34885764,0.005773503,0.004082483
T2,9/25/2018,SSID 1 24,SSID,OS,NS,NS Transplant,alive,24.01212654,0.01,0.007071068
T2,9/25/2018,SSID 1 25,SSID,OS,NS,NS Transplant,alive,22.01528998,0.005773503,0.004082483
T2,9/24/2018,SSID 2 2,SSID,NS,NS,NS Native,alive,24.4338326,0.015275252,0.010801234
T2,9/24/2018,SSID 2 3,SSID,NS,NS,NS Native,alive,30.94237885,0.005773503,0.004082483
T2,9/24/2018,SSID 2 4,SSID,NS,NS,NS Native,alive,21.83911894,0.011547005,0.008164966
T2,9/24/2018,SSID 2 5,SSID,NS,NS,NS Native,alive,24.6246696,0.011547005,0.008164966
T2,9/24/2018,SSID 2 6,SSID,NS,NS,NS Native,alive,31.30061674,0.005773503,0.004082483
T2,9/26/2018,SSID 2 7,SSID,NS,OS,OS Transplant,alive,19.2231376,0.01,0.007071068
T2,9/26/2018,SSID 2 8,SSID,NS,OS,OS Transplant,alive,37.74022787,0.005773503,0.004082483
T2,9/26/2018,SSID 2 9,SSID,NS,OS,OS Transplant,alive,31.61226994,0.01,0.007071068
T2,9/26/2018,SSID 2 10,SSID,NS,OS,OS Transplant,dead,21.81086766,0.01,0.007071068
T2,9/26/2018,SSID 2 11,SSID,NS,OS,OS Transplant,alive,32.24837862,0.005773503,0.004082483
T2,9/26/2018,SSID 2 12,SSID,NS,OS,OS Transplant,alive,25.18124452,0.005773503,0.004082483
T2,9/26/2018,SSID 2 15,SSID,OS,OS,OS Native,alive,31.52394366,0.005773503,0.004082483
T2,9/26/2018,SSID 2 16,SSID,OS,OS,OS Native,alive,25.54964789,0.017320508,0.012247449
T2,9/26/2018,SSID 2 17,SSID,OS,OS,OS Native,alive,28.63714789,0.005773503,0.004082483
T2,9/26/2018,SSID 2 18,SSID,OS,OS,OS Native,alive,10.11214789,0.005773503,0.004082483
T2,9/26/2018,SSID 2 19,SSID,OS,OS,OS Native,alive,64.06478873,0,0
T2,9/25/2018,SSID 2 20,SSID,OS,NS,NS Transplant,alive,41.9202109,0.015275252,0.010801234
T2,9/25/2018,SSID 2 21,SSID,OS,NS,NS Transplant,alive,19.29384886,0.01,0.007071068
T2,9/25/2018,SSID 2 22,SSID,OS,NS,NS Transplant,alive,41.29578207,0.005773503,0.004082483
T2,9/25/2018,SSID 2 23,SSID,OS,NS,NS Transplant,alive,17.29367311,0.015275252,0.010801234
T2,9/25/2018,SSID 2 24,SSID,OS,NS,NS Transplant,alive,26.04235501,0.005773503,0.004082483
T2,9/25/2018,SSID 2 25,SSID,OS,NS,NS Transplant,alive,30.14288225,0,0
T2,9/24/2018,SSID 3 2,SSID,NS,NS,NS Native,alive,31.97252843,0.011547005,0.008164966
T2,9/24/2018,SSID 3 3,SSID,NS,NS,NS Native,alive,51.79702537,0.011547005,0.008164966
T2,9/24/2018,SSID 3 4,SSID,NS,NS,NS Native,alive,39.09046369,0.011547005,0.008164966
T2,9/24/2018,SSID 3 5,SSID,NS,NS,NS Native,alive,39.9847769,0.01,0.007071068
T2,9/24/2018,SSID 3 6,SSID,NS,NS,NS Native,alive,47.93053368,0.005773503,0.004082483
T2,9/26/2018,SSID 3 7,SSID,NS,OS,OS Transplant,missing,NA,NA,NA
T2,9/26/2018,SSID 3 8,SSID,NS,OS,OS Transplant,dead,30.99281332,0.03,0.021213203
T2,9/26/2018,SSID 3 9,SSID,NS,OS,OS Transplant,dead,20.86503067,0.005773503,0.004082483
T2,9/26/2018,SSID 3 10,SSID,NS,OS,OS Transplant,missing,NA,NA,NA
T2,9/26/2018,SSID 3 11,SSID,NS,OS,OS Transplant,alive,34.25994741,0.01,0.007071068
T2,9/26/2018,SSID 3 12,SSID,NS,OS,OS Transplant,alive,31.46906223,0.005773503,0.004082483
T2,9/26/2018,SSID 3 15,SSID,OS,OS,OS Native,alive,14.45333333,0.005773503,0.004082483
T2,9/26/2018,SSID 3 16,SSID,OS,OS,OS Native,alive,11.88333333,0.005773503,0.004082483
T2,9/26/2018,SSID 3 17,SSID,OS,OS,OS Native,alive,16.83666667,0.011547005,0.008164966
T2,9/26/2018,SSID 3 18,SSID,OS,OS,OS Native,alive,11.76666667,0.005773503,0.004082483
T2,9/26/2018,SSID 3 19,SSID,OS,OS,OS Native,alive,10.79,0.01,0.007071068
T2,9/25/2018,SSID 3 21,SSID,OS,NS,NS Transplant,alive,17.83128295,0.01,0.007071068
T2,9/25/2018,SSID 3 22,SSID,OS,NS,NS Transplant,alive,25.30439367,0.017320508,0.012247449
T2,9/25/2018,SSID 3 23,SSID,OS,NS,NS Transplant,alive,17.51072056,0.017320508,0.012247449
T2,9/25/2018,SSID 3 24,SSID,OS,NS,NS Transplant,alive,31.35834798,0.005773503,0.004082483
T2,9/25/2018,SSID 3 25,SSID,OS,NS,NS Transplant,alive,11.77732865,0.005773503,0.004082483
T2,9/24/2018,SSID 4 1,SSID,NS,NS,NS Native,alive,14.74920914,0.005773503,0.004082483
T2,9/24/2018,SSID 4 2,SSID,NS,NS,NS Native,alive,15.56063269,0.005773503,0.004082483
T2,9/24/2018,SSID 4 3,SSID,NS,NS,NS Native,dead,17.77785589,0.015275252,0.010801234
T2,9/24/2018,SSID 4 4,SSID,NS,NS,NS Native,dead,15.28347979,0.005773503,0.004082483
T2,9/24/2018,SSID 4 5,SSID,NS,NS,NS Native,alive,25.01054482,0.005773503,0.004082483
T2,9/24/2018,SSID 4 6,SSID,NS,NS,NS Native,alive,23.66151142,0.01,0.007071068
T2,9/26/2018,SSID 4 7,SSID,NS,OS,OS Transplant,dead,8.927510917,0.02081666,0.014719601
T2,9/26/2018,SSID 4 9,SSID,NS,OS,OS Transplant,alive,10.89886463,0.015275252,0.010801234
T2,9/26/2018,SSID 4 10,SSID,NS,OS,OS Transplant,dead,4.271266376,0.01,0.007071068
T2,9/26/2018,SSID 4 11,SSID,NS,OS,OS Transplant,dead,17.51318777,0,0
T2,9/26/2018,SSID 4 12,SSID,NS,OS,OS Transplant,dead,7.387598253,0.02,0.014142136
T2,9/26/2018,SSID 4 15,SSID,OS,OS,OS Native,alive,8.891068301,0.005773503,0.004082483
T2,9/26/2018,SSID 4 16,SSID,OS,OS,OS Native,alive,15.58931699,0.015275252,0.010801234
T2,9/26/2018,SSID 4 17,SSID,OS,OS,OS Native,alive,9.460070053,0.011547005,0.008164966
T2,9/26/2018,SSID 4 18,SSID,OS,OS,OS Native,alive,4.62854641,0.011547005,0.008164966
T2,9/26/2018,SSID 4 19,SSID,OS,OS,OS Native,alive,10.53485114,0.005773503,0.004082483
T2,9/25/2018,SSID 4 21,SSID,OS,NS,NS Transplant,alive,21.03201407,0.011547005,0.008164966
T2,9/25/2018,SSID 4 22,SSID,OS,NS,NS Transplant,alive,19.05681618,0.005773503,0.004082483
T2,9/25/2018,SSID 4 23,SSID,OS,NS,NS Transplant,alive,30.94476693,0.005773503,0.004082483
T2,9/25/2018,SSID 4 24,SSID,OS,NS,NS Transplant,alive,25.60738786,0.01,0.007071068
T2,9/25/2018,SSID 4 25,SSID,OS,NS,NS Transplant,alive,15.02955145,0.01,0.007071068
T2,9/24/2018,SSID 5 2,SSID,NS,NS,NS Native,alive,29.7943958,0.005773503,0.004082483
T2,9/24/2018,SSID 5 3,SSID,NS,NS,NS Native,alive,18.28791594,0.01,0.007071068
T2,9/24/2018,SSID 5 4,SSID,NS,NS,NS Native,alive,41.79334501,0.011547005,0.008164966
T2,9/24/2018,SSID 5 5,SSID,NS,NS,NS Native,alive,22.02469352,0.005773503,0.004082483
T2,9/24/2018,SSID 5 6,SSID,NS,NS,NS Native,alive,17.04676007,0.005773503,0.004082483
T2,9/26/2018,SSID 5 7,SSID,NS,OS,OS Transplant,dead,10.94333333,0.005773503,0.004082483
T2,9/26/2018,SSID 5 8,SSID,NS,OS,OS Transplant,dead,9.15,0.01,0.007071068
T2,9/26/2018,SSID 5 9,SSID,NS,OS,OS Transplant,alive,30.97,0.01,0.007071068
T2,9/26/2018,SSID 5 11,SSID,NS,OS,OS Transplant,alive,11.09333333,0.02081666,0.014719601
T2,9/26/2018,SSID 5 12,SSID,NS,OS,OS Transplant,alive,16.94666667,0.011547005,0.008164966
T2,9/26/2018,SSID 5 15,SSID,OS,OS,OS Native,alive,9.323951049,0.02081666,0.014719601
T2,9/26/2018,SSID 5 16,SSID,OS,OS,OS Native,alive,8.221153846,0,0
T2,9/26/2018,SSID 5 17,SSID,OS,OS,OS Native,alive,10.08129371,0.028867513,0.020412415
T2,9/26/2018,SSID 5 18,SSID,OS,OS,OS Native,alive,12.56923077,0.005773503,0.004082483
T2,9/26/2018,SSID 5 19,SSID,OS,OS,OS Native,alive,8.473601399,0.005773503,0.004082483
T2,9/25/2018,SSID 5 21,SSID,OS,NS,NS Transplant,alive,20.22451839,0.01,0.007071068
T2,9/25/2018,SSID 5 22,SSID,OS,NS,NS Transplant,alive,19.83187391,0.005773503,0.004082483
T2,9/25/2018,SSID 5 23,SSID,OS,NS,NS Transplant,dead,10.42171629,0,0
T2,9/25/2018,SSID 5 24,SSID,OS,NS,NS Transplant,alive,21.73187391,0.01,0.007071068
T2,9/25/2018,SSID 5 25,SSID,OS,NS,NS Transplant,alive,11.29684764,0.005773503,0.004082483
T2,9/24/2018,SSID 6 1,SSID,NS,NS,NS Native,dead,26.74371152,0.015275252,0.010801234
T2,9/24/2018,SSID 6 2,SSID,NS,NS,NS Native,alive,29.52770449,0.01,0.007071068
T2,9/24/2018,SSID 6 3,SSID,NS,NS,NS Native,alive,41.41565523,0.005773503,0.004082483
T2,9/24/2018,SSID 6 4,SSID,NS,NS,NS Native,alive,20.5173263,0.005773503,0.004082483
T2,9/24/2018,SSID 6 5,SSID,NS,NS,NS Native,alive,15.25013193,0.01,0.007071068
T2,9/24/2018,SSID 6 6,SSID,NS,NS,NS Native,dead,25.11609499,0.01,0.007071068
T2,9/26/2018,SSID 6 8,SSID,NS,OS,OS Transplant,alive,19.72143482,0.005773503,0.004082483
T2,9/26/2018,SSID 6 9,SSID,NS,OS,OS Transplant,alive,22.31461067,0.023094011,0.016329932
T2,9/26/2018,SSID 6 10,SSID,NS,OS,OS Transplant,alive,22.57,0.01,0.0057735
T2,9/26/2018,SSID 6 11,SSID,NS,OS,OS Transplant,alive,16.74260717,0.005773503,0.004082483
T2,9/26/2018,SSID 6 12,SSID,NS,OS,OS Transplant,dead,12.69658793,0.036055513,0.025495098
T2,9/26/2018,SSID 6 14,SSID,OS,OS,OS Native,alive,24.96476775,0.023094011,0.016329932
T2,9/26/2018,SSID 6 15,SSID,OS,OS,OS Native,alive,17.10499562,0.01,0.007071068
T2,9/26/2018,SSID 6 16,SSID,OS,OS,OS Native,alive,19.46625767,0.005773503,0.004082483
T2,9/26/2018,SSID 6 17,SSID,OS,OS,OS Native,alive,12.00613497,0.005773503,0.004082483
T2,9/26/2018,SSID 6 18,SSID,OS,OS,OS Native,alive,11.55985977,0.026457513,0.018708287
T2,9/26/2018,SSID 6 19,SSID,OS,OS,OS Native,alive,21.1780894,0.005773503,0.004082483
T2,9/25/2018,SSID 6 21,SSID,OS,NS,NS Transplant,alive,21.99043478,0.005773503,0.004082483
T2,9/25/2018,SSID 6 22,SSID,OS,NS,NS Transplant,alive,18.96695652,0.005773503,0.004082483
T2,9/25/2018,SSID 6 23,SSID,OS,NS,NS Transplant,alive,17.64852174,0.005773503,0.004082483
T2,9/25/2018,SSID 6 24,SSID,OS,NS,NS Transplant,alive,16.98104348,0.01,0.007071068
T2,9/25/2018,SSID 6 25,SSID,OS,NS,NS Transplant,alive,20.18956522,0.005773503,0.004082483
T3,5/30/2019,PSTR 1 3,PSTR,NS,NS,NS Native,alive,42.3595092,11.54123188,8.160883326
T3,5/30/2019,PSTR 1 4,PSTR,NS,NS,NS Native,alive,35.55214724,0.005773502692,0.004082482905
T3,5/30/2019,PSTR 1 5,PSTR,NS,NS,NS Native,alive,29.89377739,0.01,0.007071067812
T3,5/30/2019,PSTR 1 6,PSTR,NS,NS,NS Native,alive,49.94618755,0.01732050808,0.01224744871
T3,5/31/2019,PSTR 1 7,PSTR,NS,OS,OS Transplant,alive,52.78594025,0.005773502692,0.004082482905
T3,5/31/2019,PSTR 1 9,PSTR,NS,OS,OS Transplant,alive,32.67398946,0.005773502692,0.004082482905
T3,5/31/2019,PSTR 1 10,PSTR,NS,OS,OS Transplant,alive,27.65184534,0.005773502692,0.004082482905
T3,5/31/2019,PSTR 1 11,PSTR,NS,OS,OS Transplant,alive,40.20052724,0,0
T3,5/31/2019,PSTR 1 16,PSTR,OS,OS,OS Native,alive,39.88498683,0.01,0.007071067812
T3,5/31/2019,PSTR 1 17,PSTR,OS,OS,OS Native,alive,32.6119403,0.01154700538,0.008164965809
T3,5/31/2019,PSTR 1 18,PSTR,OS,OS,OS Native,alive,19.66391572,0.005773502692,0.004082482905
T3,5/31/2019,PSTR 1 19,PSTR,OS,OS,OS Native,alive,29.17225637,0.005773502692,0.004082482905
T3,5/29/2019,PSTR 1 22,PSTR,OS,NS,NS Transplant,alive,19.8169163,0.01,0.007071067812
T3,5/29/2019,PSTR 1 23,PSTR,OS,NS,NS Transplant,alive,42.12140969,0.005773502692,0.004082482905
T3,5/29/2019,PSTR 1 24,PSTR,OS,NS,NS Transplant,alive,36.96211454,0.01,0.007071067812
T3,5/29/2019,PSTR 1 25,PSTR,OS,NS,NS Transplant,alive,46.00176211,0.5889821729,0.4164732885
T3,5/30/2019,PSTR 2 3,PSTR,NS,NS,NS Native,alive,48.68080986,0.01,0.007071067812
T3,5/30/2019,PSTR 2 4,PSTR,NS,NS,NS Native,alive,38.90651408,0.01,0.007071067812
T3,5/30/2019,PSTR 2 5,PSTR,NS,NS,NS Native,alive,69.15933099,0.01527525232,0.0108012345
T3,5/30/2019,PSTR 2 6,PSTR,NS,NS,NS Native,alive,31.16267606,0.005773502692,0.004082482905
T3,5/31/2019,PSTR 2 7,PSTR,NS,OS,OS Transplant,alive,20.23333333,0.005773502692,0.004082482905
T3,5/31/2019,PSTR 2 8,PSTR,NS,OS,OS Transplant,alive,18.44,0.01,0.007071067812
T3,5/31/2019,PSTR 2 10,PSTR,NS,OS,OS Transplant,alive,32.10666667,0.01154700538,0.008164965809
T3,5/31/2019,PSTR 2 11,PSTR,NS,OS,OS Transplant,alive,20.00333333,0.01154700538,0.008164965809
T3,5/31/2019,PSTR 2 14,PSTR,OS,OS,OS Native,alive,23.61,0,0
T3,5/31/2019,PSTR 2 15,PSTR,OS,OS,OS Native,alive,28.45333333,0.005773502692,0.004082482905
T3,5/31/2019,PSTR 2 16,PSTR,OS,OS,OS Native,alive,27.59666667,0.005773502692,0.004082482905
T3,5/31/2019,PSTR 2 17,PSTR,OS,OS,OS Native,alive,22.07666667,0.005773502692,0.004082482905
T3,5/31/2019,PSTR 2 18,PSTR,OS,OS,OS Native,alive,26.1,0,0
T3,5/31/2019,PSTR 2 19,PSTR,OS,OS,OS Native,alive,34.91,0,0
T3,5/29/2019,PSTR 2 20,PSTR,OS,NS,NS Transplant,alive,41.82666667,0.01527525232,0.0108012345
T3,5/29/2019,PSTR 2 21,PSTR,OS,NS,NS Transplant,alive,26.05,0.01,0.007071067812
T3,5/29/2019,PSTR 2 22,PSTR,OS,NS,NS Transplant,alive,38.03666667,0.005773502692,0.004082482905
T3,5/29/2019,PSTR 2 23,PSTR,OS,NS,NS Transplant,alive,34.81333333,0.01154700538,0.008164965809
T3,5/29/2019,PSTR 2 24,PSTR,OS,NS,NS Transplant,alive,35.76666667,0.005773502692,0.004082482905
T3,5/29/2019,PSTR 2 25,PSTR,OS,NS,NS Transplant,alive,30.10666667,0.005773502692,0.004082482905
T3,5/30/2019,PSTR 3 3,PSTR,NS,NS,NS Native,alive,47.62666667,0.005773502692,0.004082482905
T3,5/30/2019,PSTR 3 4,PSTR,NS,NS,NS Native,alive,40.12666667,0.005773502692,0.004082482905
T3,5/30/2019,PSTR 3 5,PSTR,NS,NS,NS Native,alive,24.23,0,0
T3,5/30/2019,PSTR 3 6,PSTR,NS,NS,NS Native,alive,53.86333333,0.01527525232,0.0108012345
T3,5/31/2019,PSTR 3 8,PSTR,NS,OS,OS Transplant,alive,15.86608238,0.01,0.007071067812
T3,5/31/2019,PSTR 3 9,PSTR,NS,OS,OS Transplant,alive,41.61682734,0.005773502692,0.004082482905
T3,5/31/2019,PSTR 3 10,PSTR,NS,OS,OS Transplant,alive,39.9849255,0,0
T3,5/31/2019,PSTR 3 11,PSTR,NS,OS,OS Transplant,alive,46.00964067,0.01732050808,0.01224744871
T3,5/31/2019,PSTR 3 14,PSTR,OS,OS,OS Native,alive,9.763796134,0.01527525232,0.0108012345
T3,5/31/2019,PSTR 3 15,PSTR,OS,OS,OS Native,alive,14.87609842,0,0
T3,5/31/2019,PSTR 3 16,PSTR,OS,OS,OS Native,alive,22.18224956,0.005773502692,0.004082482905
T3,5/31/2019,PSTR 3 17,PSTR,OS,OS,OS Native,alive,7.216666667,0.005773502692,0.004082482905
T3,5/31/2019,PSTR 3 18,PSTR,OS,OS,OS Native,alive,15.97135325,0.005773502692,0.004082482905
T3,5/31/2019,PSTR 3 19,PSTR,OS,OS,OS Native,alive,10.32144112,0.005773502692,0.004082482905
T3,5/29/2019,PSTR 3 22,PSTR,OS,NS,NS Transplant,alive,23.05977213,0.01,0.007071067812
T3,5/29/2019,PSTR 3 23,PSTR,OS,NS,NS Transplant,alive,10.05118317,0.01,0.007071067812
T3,5/29/2019,PSTR 3 24,PSTR,OS,NS,NS Transplant,alive,16.47221735,0.005773502692,0.004082482905
T3,5/29/2019,PSTR 3 25,PSTR,OS,NS,NS Transplant,dead,10.94040316,0.01,0.007071067812
T3,5/30/2019,PSTR 4 1,PSTR,NS,NS,NS Native,alive,46.48588957,0.005773502692,0.004082482905
T3,5/30/2019,PSTR 4 2,PSTR,NS,NS,NS Native,alive,39.53531989,0,0
T3,5/30/2019,PSTR 4 3,PSTR,NS,NS,NS Native,alive,53.02681858,0.005773502692,0.004082482905
T3,5/30/2019,PSTR 4 4,PSTR,NS,NS,NS Native,alive,46.08957055,0,0
T3,5/30/2019,PSTR 4 5,PSTR,NS,NS,NS Native,alive,41.22716915,0.005773502692,0.004082482905
T3,5/30/2019,PSTR 4 6,PSTR,NS,NS,NS Native,alive,49.43663453,0.02,0.01414213562
T3,5/31/2019,PSTR 4 8,PSTR,NS,OS,OS Transplant,alive,30.77699737,0,0
T3,5/31/2019,PSTR 4 9,PSTR,NS,OS,OS Transplant,alive,38.92414399,0.01,0.007071067812
T3,5/31/2019,PSTR 4 10,PSTR,NS,OS,OS Transplant,alive,34.61703248,0.005773502692,0.004082482905
T3,5/31/2019,PSTR 4 11,PSTR,NS,OS,OS Transplant,alive,25.5524144,0.01,0.007071067812
T3,5/31/2019,PSTR 4 16,PSTR,OS,OS,OS Native,alive,29.85905097,0.005773502692,0.004082482905
T3,5/31/2019,PSTR 4 17,PSTR,OS,OS,OS Native,alive,39.73637961,0.005773502692,0.004082482905
T3,5/31/2019,PSTR 4 18,PSTR,OS,OS,OS Native,alive,24.80685413,0.005773502692,0.004082482905
T3,5/31/2019,PSTR 4 19,PSTR,OS,OS,OS Native,alive,20.58945518,0.005773502692,0.004082482905
T3,5/29/2019,PSTR 4 22,PSTR,OS,NS,NS Transplant,alive,22.76660808,0.005773502692,0.004082482905
T3,5/29/2019,PSTR 4 23,PSTR,OS,NS,NS Transplant,alive,23.12056239,0.01,0.007071067812
T3,5/29/2019,PSTR 4 24,PSTR,OS,NS,NS Transplant,alive,43.49964851,0.005773502692,0.004082482905
T3,5/29/2019,PSTR 4 25 ,PSTR,OS,NS,NS Transplant,alive,34.18330404,0.01527525232,0.0108012345
T3,5/30/2019,PSTR 5 3,PSTR,NS,NS,NS Native,alive,54.51795775,0.01154700538,0.008164965809
T3,5/30/2019,PSTR 5 4,PSTR,NS,NS,NS Native,alive,67.03855634,0.005773502692,0.004082482905
T3,5/30/2019,PSTR 5 5,PSTR,NS,NS,NS Native,alive,29.60387324,0,0
T3,5/30/2019,PSTR 5 6,PSTR,NS,NS,NS Native,alive,35.54471831,0.01,0.007071067812
T3,5/31/2019,PSTR 5 7,PSTR,NS,OS,OS Transplant,alive,45.5666374,0.005773502692,0.004082482905
T3,5/31/2019,PSTR 5 8,PSTR,NS,OS,OS Transplant,alive,31.92467076,0.005773502692,0.004082482905
T3,5/31/2019,PSTR 5 9,PSTR,NS,OS,OS Transplant,dead,36.19841967,0.005773502692,0.004082482905
T3,5/31/2019,PSTR 5 10,PSTR,NS,OS,OS Transplant,alive,37.32273924,0,0
T3,5/31/2019,PSTR 5 11,PSTR,NS,OS,OS Transplant,dead,28.13467954,0,0
T3,5/31/2019,PSTR 5 12,PSTR,NS,OS,OS Transplant,alive,23.76084284,0,0
T3,5/31/2019,PSTR 5 16,PSTR,OS,OS,OS Native,alive,42.82333333,0.005773502692,0.004082482905
T3,5/31/2019,PSTR 5 17,PSTR,OS,OS,OS Native,alive,16.77,0.01,0.007071067812
T3,5/31/2019,PSTR 5 18,PSTR,OS,OS,OS Native,alive,25.90666667,0.005773502692,0.004082482905
T3,5/31/2019,PSTR 5 19,PSTR,OS,OS,OS Native,alive,35.73666667,0.01527525232,0.0108012345
T3,5/29/2019,PSTR 5 22,PSTR,OS,NS,NS Transplant,alive,46.02036874,0,0
T3,5/29/2019,PSTR 5 23,PSTR,OS,NS,NS Transplant,alive,32.86549605,0.01154700538,0.008164965809
T3,5/29/2019,PSTR 5 24,PSTR,OS,NS,NS Transplant,alive,19.71729587,0.01,0.007071067812
T3,5/29/2019,PSTR 5 25,PSTR,OS,NS,NS Transplant,alive,26.64670764,0.02309401077,0.01632993162
T3,5/30/2019,PSTR 6 1,PSTR,NS,NS,NS Native,alive,57.6056042,0.03055050463,0.02160246899
T3,5/30/2019,PSTR 6 3,PSTR,NS,NS,NS Native,alive,42.75166375,0.02081665999,0.01471960144
T3,5/30/2019,PSTR 6 4,PSTR,NS,NS,NS Native,alive,61.10105634,0.01154700538,0.008164965809
T3,5/30/2019,PSTR 6 5,PSTR,NS,NS,NS Native,alive,23.5125,0.01,0.007071067812
T3,5/30/2019,PSTR 6 6,PSTR,NS,NS,NS Native,alive,54.88926056,0.01154700538,0.008164965809
T3,5/31/2019,PSTR 6 8,PSTR,NS,OS,OS Transplant,alive,49.34666667,0.01154700538,0.008164965809
T3,5/31/2019,PSTR 6 9,PSTR,NS,OS,OS Transplant,alive,28.83,0.01,0.007071067812
T3,5/31/2019,PSTR 6 10,PSTR,NS,OS,OS Transplant,alive,26.33333333,0.005773502692,0.004082482905
T3,5/31/2019,PSTR 6 11,PSTR,NS,OS,OS Transplant,alive,17.41333333,0.01527525232,0.0108012345
T3,5/31/2019,PSTR 6 16,PSTR,OS,OS,OS Native,alive,15.09009641,0.005773502692,0.004082482905
T3,5/31/2019,PSTR 6 17,PSTR,OS,OS,OS Native,alive,20.41875548,0.005773502692,0.004082482905
T3,5/31/2019,PSTR 6 18,PSTR,OS,OS,OS Native,alive,35.25574058,0.01527525232,0.0108012345
T3,5/31/2019,PSTR 6 19,PSTR,OS,OS,OS Native,alive,26.88641543,0.01,0.007071067812
T3,5/29/2019,PSTR 6 22,PSTR,OS,NS,NS Transplant,alive,32.15333333,0.01527525232,0.0108012345
T3,5/29/2019,PSTR 6 23,PSTR,OS,NS,NS Transplant,alive,34.70333333,0.005773502692,0.004082482905
T3,5/29/2019,PSTR 6 24,PSTR,OS,NS,NS Transplant,alive,61.92333333,0.005773502692,0.004082482905
T3,5/29/2019,PSTR 6 25,PSTR,OS,NS,NS Transplant,alive,32.65666667,0.005773502692,0.004082482905
T3,5/30/2019,SSID 1 3,SSID,NS,NS,NS Native,alive,31.59104478,0.005773502692,0.004082482905
T3,5/31/2019,SSID 1 17,SSID,OS,OS,OS Native,alive,21.65899912,0.01732050808,0.01224744871
T3,5/31/2019,SSID 1 18,SSID,OS,OS,OS Native,alive,27.44073749,0.005773502692,0.004082482905
T3,5/30/2019,SSID 1 6,SSID,NS,NS,NS Native,alive,41.21281826,0.005773502692,0.004082482905
T3,5/31/2019,SSID 1 7,SSID,NS,OS,OS Transplant,alive,24.00105356,0.02,0.01414213562
T3,5/31/2019,SSID 1 8,SSID,NS,OS,OS Transplant,dead,10.2523266,0.01154700538,0.008164965809
T3,,SSID 1 9,SSID,NS,OS,OS Transplant,dead,NA,NA,NA
T3,,SSID 1 10,SSID,NS,OS,OS Transplant,dead,NA,NA,NA
T3,,SSID 1 11,SSID,NS,OS,OS Transplant,dead,NA,NA,NA
T3,5/31/2019,SSID 1 16,SSID,OS,OS,OS Native,alive,22.27954346,0,0
T3,5/31/2019,SSID 1 19,SSID,OS,OS,OS Native,alive,25.63915716,0.02081665999,0.01471960144
T3,5/29/2019,SSID 1 23,SSID,OS,NS,NS Transplant,alive,22.20228471,0.005773502692,0.004082482905
T3,5/29/2019,SSID 1 25,SSID,OS,NS,NS Transplant,alive,28.00913884,0.01,0.007071067812
T3,5/29/2019,SSID 1 22,SSID,OS,NS,NS Transplant,alive,31.55869947,0.005773502692,0.004082482905
T3,5/30/2019,SSID 1 4,SSID,NS,NS,NS Native,alive,30.32326602,0.01527525232,0.0108012345
T3,5/29/2019,SSID 1 24,SSID,OS,NS,NS Transplant,alive,26.41968366,0.005773502692,0.004082482905
T3,5/30/2019,SSID 1 5,SSID,NS,NS,NS Native,alive,25.74258121,0.01,0.007071067812
T3,5/30/2019,SSID 2 3,SSID,NS,NS,NS Native,alive,39.53666667,0.02081665999,0.01471960144
T3,5/30/2019,SSID 2 4,SSID,NS,NS,NS Native,alive,21.49,0,0
T3,5/30/2019,SSID 2 5,SSID,NS,NS,NS Native,alive,26.25,0,0
T3,5/30/2019,SSID 2 6,SSID,NS,NS,NS Native,alive,27.55,0,0
T3,5/31/2019,SSID 2 7,SSID,NS,OS,OS Transplant,alive,19.46040386,0.01154700538,0.008164965809
T3,5/31/2019,SSID 2 8,SSID,NS,OS,OS Transplant,alive,44.59244952,0.01527525232,0.0108012345
T3,5/31/2019,SSID 2 9,SSID,NS,OS,OS Transplant,alive,32.75539947,0.02081665999,0.01471960144
T3,5/31/2019,SSID 2 10,SSID,NS,OS,OS Transplant,dead,19.79736611,0,0
T3,5/31/2019,SSID 2 11,SSID,NS,OS,OS Transplant,alive,32.64196664,0.005773502692,0.004082482905
T3,5/31/2019,SSID 2 16,SSID,OS,OS,OS Native,alive,32.04143986,0.005773502692,0.004082482905
T3,5/31/2019,SSID 2 17,SSID,OS,OS,OS Native,alive,37.42949956,0.005773502692,0.004082482905
T3,5/31/2019,SSID 2 18,SSID,OS,OS,OS Native,alive,12.581036,0,0
T3,5/31/2019,SSID 2 19,SSID,OS,OS,OS Native,alive,19.90746269,0.01732050808,0.01224744871
T3,5/29/2019,SSID 2 20,SSID,OS,NS,NS Transplant,alive,49.40333333,0.005773502692,0.004082482905
T3,5/29/2019,SSID 2 21,SSID,OS,NS,NS Transplant,alive,25.07333333,0.005773502692,0.004082482905
T3,5/29/2019,SSID 2 22,SSID,OS,NS,NS Transplant,alive,53.61666667,0.005773502692,0.004082482905
T3,5/29/2019,SSID 2 23,SSID,OS,NS,NS Transplant,alive,21.91333333,0.005773502692,0.004082482905
T3,5/29/2019,SSID 2 24,SSID,OS,NS,NS Transplant,alive,36.09333333,0.02081665999,0.01471960144
T3,5/29/2019,SSID 2 25,SSID,OS,NS,NS Transplant,alive,39.48333333,0.005773502692,0.004082482905
T3,5/30/2019,SSID 3 3,SSID,NS,NS,NS Native,alive,65.64333333,0.005773502692,0.004082482905
T3,5/30/2019,SSID 3 4,SSID,NS,NS,NS Native,alive,47.33333333,0.01154700538,0.008164965809
T3,5/30/2019,SSID 3 5,SSID,NS,NS,NS Native,alive,47.48666667,0.005773502692,0.004082482905
T3,5/30/2019,SSID 3 6,SSID,NS,NS,NS Native,alive,57.16666667,0.005773502692,0.004082482905
T3,5/31/2019,SSID 3 8,SSID,NS,OS,OS Transplant,dead,30.97717296,0,0
T3,,SSID 3 9,SSID,NS,OS,OS Transplant,dead,,,
T3,,SSID 3 10,SSID,NS,OS,OS Transplant,dead,,,
T3,,SSID 3 11,SSID,NS,OS,OS Transplant,dead,,,
T3,5/31/2019,SSID 3 16,SSID,OS,OS,OS Native,alive,14.96312555,0,0
T3,5/31/2019,SSID 3 17,SSID,OS,OS,OS Native,alive,19.36031607,0.01154700538,0.008164965809
T3,5/31/2019,SSID 3 18,SSID,OS,OS,OS Native,alive,14.55610184,0.005773502692,0.004082482905
T3,5/31/2019,SSID 3 19,SSID,OS,OS,OS Native,alive,11.88709394,0.005773502692,0.004082482905
T3,5/29/2019,SSID 3 22,SSID,OS,NS,NS Transplant,alive,28.19666667,0.005773502692,0.004082482905
T3,5/29/2019,SSID 3 23,SSID,OS,NS,NS Transplant,alive,20.54666667,0.005773502692,0.004082482905
T3,5/29/2019,SSID 3 24,SSID,OS,NS,NS Transplant,alive,32.47666667,0.005773502692,0.004082482905
T3,5/29/2019,SSID 3 25,SSID,OS,NS,NS Transplant,alive,12.84666667,0.005773502692,0.004082482905
T3,5/30/2019,SSID 4 1,SSID,NS,NS,NS Native,alive,9.96,0,0
T3,5/31/2019,SSID 4 18,SSID,OS,OS,OS Native,alive,4.99,0.01,0.007071067812
T3,5/30/2019,SSID 4 3,SSID,NS,NS,NS Native,dead,16.08,0,0
T3,5/30/2019,SSID 4 4,SSID,NS,NS,NS Native,dead,10.79333333,0.01154700538,0.008164965809
T3,5/30/2019,SSID 4 5,SSID,NS,NS,NS Native,alive,26.82333333,0.01154700538,0.008164965809
T3,5/30/2019,SSID 4 6,SSID,NS,NS,NS Native,alive,22.59666667,0.005773502692,0.004082482905
T3,5/31/2019,SSID 4 7,SSID,NS,OS,OS Transplant,dead,8.42071993,0.01154700538,0.008164965809
T3,,SSID 4 8,SSID,NS,OS,OS Transplant,dead,,,
T3,5/31/2019,SSID 4 10,SSID,NS,OS,OS Transplant,dead,4.403863038,0,0
T3,5/31/2019,SSID 4 11,SSID,NS,OS,OS Transplant,dead,17.90570676,0.02828427125,0.02
T3,,SSID 4 12,SSID,NS,OS,OS Transplant,dead,,,
T3,5/31/2019,SSID 4 16,SSID,OS,OS,OS Native,alive,18.68666667,0.005773502692,0.004082482905
T3,5/31/2019,SSID 4 17,SSID,OS,OS,OS Native,alive,11.33,0,0
T3,5/30/2019,SSID 4 2,SSID,NS,NS,NS Native,alive,16.76666667,0.005773502692,0.004082482905
T3,5/31/2019,SSID 4 19,SSID,OS,OS,OS Native,alive,12.16,0,0
T3,5/29/2019,SSID 4 22,SSID,OS,NS,NS Transplant,alive,25.90757042,0.005773502692,0.004082482905
T3,5/29/2019,SSID 4 23,SSID,OS,NS,NS Transplant,alive,37.82940141,0.005773502692,0.004082482905
T3,5/29/2019,SSID 4 24,SSID,OS,NS,NS Transplant,alive,34.16320423,0.01527525232,0.0108012345
T3,5/29/2019,SSID 4 25,SSID,OS,NS,NS Transplant,alive,19.89647887,0.01154700538,0.008164965809
T3,5/30/2019,SSID 5 3,SSID,NS,NS,NS Native,alive,21.33666667,0.01154700538,0.008164965809
T3,5/31/2019,SSID 5 17,SSID,OS,OS,OS Native,alive,12.85794557,0.1250333289,0.08841191473
T3,5/31/2019,SSID 5 18,SSID,OS,OS,OS Native,alive,14.70289728,0.01,0.007071067812
T3,5/30/2019,SSID 5 6,SSID,NS,NS,NS Native,dead,16.12666667,0.005773502692,0.004082482905
T3,,SSID 5 7,SSID,NS,NS,NS Native,dead,,,
T3,5/31/2019,SSID 5 8,SSID,NS,OS,OS Transplant,dead,9.102985075,0.007071067812,0.005
T3,5/31/2019,SSID 5 9,SSID,NS,OS,OS Transplant,alive,31.71115013,0.005773502692,0.004082482905
T3,5/31/2019,SSID 5 11,SSID,NS,OS,OS Transplant,alive,12.68112379,0,0
T3,5/31/2019,SSID 5 16,SSID,OS,OS,OS Native,alive,9.7785777,0.01,0.007071067812
T3,5/29/2019,SSID 5 24,SSID,OS,NS,NS Transplant,alive,27.72666667,0.005773502692,0.004082482905
T3,5/29/2019,SSID 5 25,SSID,OS,NS,NS Transplant,alive,14.16,0,0
T3,5/31/2019,SSID 5 19,SSID,OS,OS,OS Native,alive,9.348200176,0.02645751311,0.01870828693
T3,5/29/2019,SSID 5 22,SSID,OS,NS,NS Transplant,alive,22.33333333,0.01527525232,0.0108012345
T3,5/29/2019,SSID 5 23,SSID,OS,NS,NS Transplant,dead,10.54,0.01,0.007071067812
T3,5/30/2019,SSID 5 4,SSID,NS,NS,NS Native,alive,48.42666667,0.01154700538,0.008164965809
T3,5/30/2019,SSID 5 5,SSID,NS,NS,NS Native,alive,24.39666667,0.01154700538,0.008164965809
T3,5/30/2019,SSID 6 1,SSID,NS,NS,NS Native,dead,23.95565294,0.005773502692,0.004082482905
T3,5/30/2019,SSID 6 2,SSID,NS,NS,NS Native,alive,32.94110429,0.01,0.007071067812
T3,5/30/2019,SSID 6 3,SSID,NS,NS,NS Native,dead,39.94496056,0.01,0.007071067812
T3,5/30/2019,SSID 6 4,SSID,NS,NS,NS Native,alive,21.73093777,0,0
T3,5/30/2019,SSID 6 5,SSID,NS,NS,NS Native,dead,13.19176161,0.005773502692,0.004082482905
T3,5/30/2019,SSID 6 6,SSID,NS,NS,NS Native,dead,22.01069238,0,0
T3,5/31/2019,SSID 6 9,SSID,NS,OS,OS Transplant,dead,22.16444249,0.007071067812,0.005
T3,,SSID 6 10,SSID,NS,OS,OS Transplant,dead,,,
T3,5/31/2019,SSID 6 11,SSID,NS,OS,OS Transplant,alive,16.56119403,0.005773502692,0.004082482905
T3,,SSID 6 12,SSID,NS,OS,OS Transplant,dead,,,
T3,5/31/2019,SSID 6 14,SSID,OS,OS,OS Native,alive,33.61898067,0,0
T3,5/31/2019,SSID 6 15,SSID,OS,OS,OS Native,alive,23.62811951,0.01527525232,0.0108012345
T3,5/31/2019,SSID 6 16,SSID,OS,OS,OS Native,alive,27.23110721,0.005773502692,0.004082482905
T3,5/31/2019,SSID 6 17,SSID,OS,OS,OS Native,alive,16.46889279,0,0
T3,5/31/2019,SSID 6 18,SSID,OS,OS,OS Native,alive,15.34024605,0.005773502692,0.004082482905
T3,5/31/2019,SSID 6 19,SSID,OS,OS,OS Native,alive,28.11933216,0.01732050808,0.01224744871
T3,5/29/2019,SSID 6 22,SSID,OS,NS,NS Transplant,alive,27.48666667,0.01527525232,0.0108012345
T3,5/29/2019,SSID 6 23,SSID,OS,NS,NS Transplant,alive,25.86333333,0.005773502692,0.004082482905
T3,5/29/2019,SSID 6 24,SSID,OS,NS,NS Transplant,alive,24.04666667,0.01527525232,0.0108012345
T3,5/29/2019,SSID 6 25,SSID,OS,NS,NS Transplant,alive,31.29333333,0.005773502692,0.004082482905
T4,NA,PSTR 1 3,PSTR,NS,NS,NS Native,dead,,,
T4,8/10/2023,PSTR 1 10,PSTR,NS,OS,OS Transplant,alive,67.06333333,0.2631222783,0.1519137182
T4,8/10/2023,PSTR 1 17,PSTR,OS,OS,OS Native,alive,81.12,0.6495382976,0.3750111109
T4,8/10/2023,PSTR 1 19,PSTR,OS,OS,OS Native,alive,66.1,0.08888194417,0.05131601439
T4,NA,PSTR 1 7,PSTR,NS,OS,OS Transplant,dead,NA,NA,NA
T4,NA,PSTR 1 9,PSTR,NS,OS,OS Transplant,dead,NA,NA,NA
T4,8/8/2023,PSTR 1 4,PSTR,NS,NS,NS Native,alive,159.2633333,0.5424327915,0.3131737182
T4,NA,PSTR 1 11,PSTR,NS,OS,OS Transplant,dead,NA,NA,NA
T4,NA,PSTR 1 16,PSTR,OS,OS,OS Native,dead,NA,NA,NA
T4,8/8/2023,PSTR 1 5,PSTR,NS,NS,NS Native,alive,152.3766667,0.6431433225,0.3713189704
T4,NA,PSTR 1 18,PSTR,OS,OS,OS Native,dead,NA,NA,NA
T4,8/8/2023,PSTR 1 6,PSTR,NS,NS,NS Native,alive,164.7133333,0.8069902932,0.465916063
T4,NA,PSTR 1 22,PSTR,OS,NS,NS Transplant,dead,NA,NA,NA
T4,NA,PSTR 1 23,PSTR,OS,NS,NS Transplant,dead,NA,NA,NA
T4,NA,PSTR 1 24,PSTR,OS,NS,NS Transplant,dead,NA,NA,NA
T4,NA,PSTR 1 25,PSTR,OS,NS,NS Transplant,dead,NA,NA,NA
T4,NA,PSTR 2 3,PSTR,NS,NS,NS Native,dead,NA,NA,NA
T4,NA,PSTR 2 4,PSTR,NS,NS,NS Native,dead,NA,NA,NA
T4,8/8/2023,PSTR 2 5,PSTR,NS,NS,NS Native,alive,166.59,0.1014889157,0.05859465277
T4,NA,PSTR 2 6,PSTR,NS,NS,NS Native,dead,NA,NA,NA
T4,NA,PSTR 2 7,PSTR,NS,OS,OS Transplant,dead,NA,NA,NA
T4,NA,PSTR 2 8,PSTR,NS,OS,OS Transplant,dead,NA,NA,NA
T4,NA,PSTR 2 10,PSTR,NS,OS,OS Transplant,dead,NA,NA,NA
T4,NA,PSTR 2 11,PSTR,NS,OS,OS Transplant,dead,NA,NA,NA
T4,NA,PSTR 2 14,PSTR,OS,OS,OS Native,dead,NA,NA,NA
T4,NA,PSTR 2 15,PSTR,OS,OS,OS Native,dead,NA,NA,NA
T4,NA,PSTR 2 16,PSTR,OS,OS,OS Native,dead,NA,NA,NA
T4,NA,PSTR 2 17,PSTR,OS,OS,OS Native,dead,NA,NA,NA
T4,NA,PSTR 2 18,PSTR,OS,OS,OS Native,dead,NA,NA,NA
T4,NA,PSTR 2 19,PSTR,OS,OS,OS Native,dead,NA,NA,NA
T4,NA,PSTR 2 20,PSTR,OS,NS,NS Transplant,dead,NA,NA,NA
T4,NA,PSTR 2 21,PSTR,OS,NS,NS Transplant,dead,NA,NA,NA
T4,NA,PSTR 2 22,PSTR,OS,NS,NS Transplant,dead,NA,NA,NA
T4,NA,PSTR 2 23,PSTR,OS,NS,NS Transplant,dead,NA,NA,NA
T4,NA,PSTR 2 24,PSTR,OS,NS,NS Transplant,dead,NA,NA,NA
T4,NA,PSTR 2 25,PSTR,OS,NS,NS Transplant,dead,NA,NA,NA
T4,NA,PSTR 3 3,PSTR,NS,NS,NS Native,dead,NA,NA,NA
T4,8/10/2023,PSTR 3 14,PSTR,OS,OS,OS Native,alive,49.66,0.07211102551,0.04163331999
T4,8/10/2023,PSTR 3 18,PSTR,OS,OS,OS Native,alive,46.68333333,0.3271594922,0.1888856209
T4,8/10/2023,PSTR 3 19,PSTR,OS,OS,OS Native,alive,23.43666667,0.2638812864,0.1523519318
T4,NA,PSTR 3 8,PSTR,NS,OS,OS Transplant,dead,NA,NA,NA
T4,NA,PSTR 3 9,PSTR,NS,OS,OS Transplant,dead,NA,NA,NA
T4,NA,PSTR 3 10,PSTR,NS,OS,OS Transplant,dead,NA,NA,NA
T4,NA,PSTR 3 11,PSTR,NS,OS,OS Transplant,dead,NA,NA,NA
T4,8/8/2023,PSTR 3 4,PSTR,NS,NS,NS Native,alive,162.3366667,0.4552288802,0.2628265165
T4,NA,PSTR 3 15,PSTR,OS,OS,OS Native,dead,NA,NA,NA
T4,NA,PSTR 3 16,PSTR,OS,OS,OS Native,dead,NA,NA,NA
T4,NA,PSTR 3 17,PSTR,OS,OS,OS Native,dead,NA,NA,NA
T4,8/8/2023,PSTR 3 5,PSTR,NS,NS,NS Native,alive,157.4866667,2.176564571,1.256640141
T4,8/8/2023,PSTR 3 6,PSTR,NS,NS,NS Native,alive,168.2366667,0.1258305739,0.07264831573
T4,NA,PSTR 3 22,PSTR,OS,NS,NS Transplant,dead,NA,NA,NA
T4,NA,PSTR 3 23,PSTR,OS,NS,NS Transplant,dead,NA,NA,NA
T4,NA,PSTR 3 24,PSTR,OS,NS,NS Transplant,dead,NA,NA,NA
T4,NA,PSTR 3 25,PSTR,OS,NS,NS Transplant,dead,NA,NA,NA
T4,NA,PSTR 4 1,PSTR,NS,NS,NS Native,dead,NA,NA,NA
T4,8/8/2023,PSTR 4 2,PSTR,NS,NS,NS Native,alive,159.18,1.182032148,0.6824465791
T4,8/8/2023,PSTR 4 3,PSTR,NS,NS,NS Native,alive,161.17,0.2260530911,0.130511813
T4,8/8/2023,PSTR 4 4,PSTR,NS,NS,NS Native,alive,162.7866667,0.2173323108,0.1254768682
T4,8/8/2023,PSTR 4 5,PSTR,NS,NS,NS Native,alive,162.58,0.2389560629,0.1379613472
T4,NA,PSTR 4 6,PSTR,NS,NS,NS Native,dead,NA,NA,NA
T4,NA,PSTR 4 8,PSTR,NS,OS,OS Transplant,dead,NA,NA,NA
T4,NA,PSTR 4 9,PSTR,NS,OS,OS Transplant,dead,NA,NA,NA
T4,NA,PSTR 4 10,PSTR,NS,OS,OS Transplant,dead,NA,NA,NA
T4,NA,PSTR 4 11,PSTR,NS,OS,OS Transplant,dead,NA,NA,NA
T4,NA,PSTR 4 16,PSTR,OS,OS,OS Native,dead,NA,NA,NA
T4,NA,PSTR 4 17,PSTR,OS,OS,OS Native,dead,NA,NA,NA
T4,NA,PSTR 4 18,PSTR,OS,OS,OS Native,dead,NA,NA,NA
T4,NA,PSTR 4 19,PSTR,OS,OS,OS Native,dead,NA,NA,NA
T4,NA,PSTR 4 22,PSTR,OS,NS,NS Transplant,dead,NA,NA,NA
T4,NA,PSTR 4 23,PSTR,OS,NS,NS Transplant,dead,NA,NA,NA
T4,NA,PSTR 4 24,PSTR,OS,NS,NS Transplant,dead,NA,NA,NA
T4,NA,PSTR 4 25 ,PSTR,OS,NS,NS Transplant,dead,NA,NA,NA
T4,NA,PSTR 5 3,PSTR,NS,NS,NS Native,dead,NA,NA,NA
T4,8/10/2023,PSTR 5 10,PSTR,NS,OS,OS Transplant,alive,96.71,0.2351595203,0.1357694124
T4,8/10/2023,PSTR 5 19,PSTR,OS,OS,OS Native,alive,120.5766667,0.2157158625,0.1245436113
T4,8/8/2023,PSTR 5 4,PSTR,NS,NS,NS Native,alive,166.0133333,0.8911415899,0.5145008368
T4,8/8/2023,PSTR 5 5,PSTR,NS,NS,NS Native,alive,77.96,0.08660254038,0.05
T4,NA,PSTR 5 8,PSTR,NS,OS,OS Transplant,dead,NA,NA,NA
T4,NA,PSTR 5 9,PSTR,NS,OS,OS Transplant,dead,NA,NA,NA
T4,8/8/2023,PSTR 5 6,PSTR,NS,NS,NS Native,alive,140.4166667,0.4801388688,0.2772083052
T4,NA,PSTR 5 11,PSTR,NS,OS,OS Transplant,dead,NA,NA,NA
T4,NA,PSTR 5 12,PSTR,NS,OS,OS Transplant,dead,NA,NA,NA
T4,NA,PSTR 5 16,PSTR,OS,OS,OS Native,dead,NA,NA,NA
T4,NA,PSTR 5 17,PSTR,OS,OS,OS Native,dead,NA,NA,NA
T4,NA,PSTR 5 18,PSTR,OS,OS,OS Native,dead,NA,NA,NA
T4,8/10/2023,PSTR 5 7,PSTR,NS,OS,OS Transplant,alive,147.1433333,0.1096965511,0.06333333333
T4,NA,PSTR 5 22,PSTR,OS,NS,NS Transplant,dead,NA,NA,NA
T4,NA,PSTR 5 23,PSTR,OS,NS,NS Transplant,dead,NA,NA,NA
T4,NA,PSTR 5 24,PSTR,OS,NS,NS Transplant,dead,NA,NA,NA
T4,NA,PSTR 5 25,PSTR,OS,NS,NS Transplant,dead,NA,NA,NA
T4,NA,PSTR 6 1,PSTR,NS,NS,NS Native,dead,NA,NA,NA
T4,NA,PSTR 6 3,PSTR,NS,NS,NS Native,dead,NA,NA,NA
T4,8/8/2023,PSTR 6 25,PSTR,OS,NS,NS Transplant,alive,67.90666667,35.60321521,20.55552589
T4,8/8/2023,PSTR 6 4,PSTR,NS,NS,NS Native,alive,170.7366667,3.061802301,1.767732383
T4,8/8/2023,PSTR 6 5,PSTR,NS,NS,NS Native,alive,122.3266667,3.507653537,2.025144714
T4,8/8/2023,PSTR 6 6,PSTR,NS,NS,NS Native,alive,166.27,0.219317122,0.1266227994
T4,NA,PSTR 6 9,PSTR,NS,OS,OS Transplant,dead,NA,NA,NA
T4,NA,PSTR 6 10,PSTR,NS,OS,OS Transplant,dead,NA,NA,NA
T4,NA,PSTR 6 11,PSTR,NS,OS,OS Transplant,dead,NA,NA,NA
T4,NA,PSTR 6 16,PSTR,OS,OS,OS Native,dead,NA,NA,NA
T4,NA,PSTR 6 17,PSTR,OS,OS,OS Native,dead,NA,NA,NA
T4,NA,PSTR 6 18,PSTR,OS,OS,OS Native,dead,NA,NA,NA
T4,NA,PSTR 6 19,PSTR,OS,OS,OS Native,dead,NA,NA,NA
T4,NA,PSTR 6 22,PSTR,OS,NS,NS Transplant,dead,NA,NA,NA
T4,NA,PSTR 6 23,PSTR,OS,NS,NS Transplant,dead,NA,NA,NA
T4,NA,PSTR 6 24,PSTR,OS,NS,NS Transplant,dead,NA,NA,NA
T4,8/10/2023,PSTR 6 8,PSTR,NS,OS,OS Transplant,alive,82.98666667,2.624430097,1.515215423
T4,NA,SSID 1 3,SSID,NS,NS,NS Native,dead,NA,NA,NA
T4,8/10/2023,SSID 1 17,SSID,OS,OS,OS Native,alive,58.77333333,0.1285820101,0.07423685817
T4,8/10/2023,SSID 1 18,SSID,OS,OS,OS Native,alive,29.13333333,0.5225259164,0.3016804785
T4,NA,SSID 1 6,SSID,NS,NS,NS Native,dead,NA,NA,NA
T4,NA,SSID 1 7,SSID,NS,OS,OS Transplant,dead,NA,NA,NA
T4,NA,SSID 1 8,SSID,NS,OS,OS Transplant,dead,NA,NA,NA
T4,NA,SSID 1 9,SSID,NS,OS,OS Transplant,dead,NA,NA,NA
T4,NA,SSID 1 10,SSID,NS,OS,OS Transplant,dead,NA,NA,NA
T4,NA,SSID 1 11,SSID,NS,OS,OS Transplant,dead,NA,NA,NA
T4,NA,SSID 1 16,SSID,OS,OS,OS Native,dead,NA,NA,NA
T4,8/10/2023,SSID 1 19,SSID,OS,OS,OS Native,alive,59.68333333,0.04163331999,0.0240370085
T4,8/8/2023,SSID 1 23,SSID,OS,NS,NS Transplant,alive,73.29,0.1385640646,0.08
T4,8/8/2023,SSID 1 25,SSID,OS,NS,NS Transplant,alive,109.5566667,0.06429100507,0.03711842909
T4,NA,SSID 1 22,SSID,OS,NS,NS Transplant,dead,NA,NA,NA
T4,8/7/2023,SSID 1 4,SSID,NS,NS,NS Native,alive,55.18666667,0.1365039682,0.07881060278
T4,NA,SSID 1 24,SSID,OS,NS,NS Transplant,dead,NA,NA,NA
T4,8/7/2023,SSID 1 5,SSID,NS,NS,NS Native,alive,63.05333333,0.4104063027,0.2369481894
T4,NA,SSID 2 3,SSID,NS,NS,NS Native,dead,NA,NA,NA
T4,8/7/2023,SSID 2 4,SSID,NS,NS,NS Native,alive,159.3033333,1.9394415,1.119737072
T4,NA,SSID 2 5,SSID,NS,NS,NS Native,dead,NA,NA,NA
T4,NA,SSID 2 6,SSID,NS,NS,NS Native,dead,NA,NA,NA
T4,NA,SSID 2 7,SSID,NS,OS,OS Transplant,dead,NA,NA,NA
T4,NA,SSID 2 8,SSID,NS,OS,OS Transplant,dead,NA,NA,NA
T4,NA,SSID 2 9,SSID,NS,OS,OS Transplant,dead,NA,NA,NA
T4,NA,SSID 2 10,SSID,NS,OS,OS Transplant,dead,NA,NA,NA
T4,NA,SSID 2 11,SSID,NS,OS,OS Transplant,dead,NA,NA,NA
T4,NA,SSID 2 16,SSID,OS,OS,OS Native,dead,NA,NA,NA
T4,NA,SSID 2 17,SSID,OS,OS,OS Native,dead,NA,NA,NA
T4,NA,SSID 2 18,SSID,OS,OS,OS Native,dead,NA,NA,NA
T4,NA,SSID 2 19,SSID,OS,OS,OS Native,dead,NA,NA,NA
T4,NA,SSID 2 20,SSID,OS,NS,NS Transplant,dead,NA,NA,NA
T4,NA,SSID 2 21,SSID,OS,NS,NS Transplant,dead,NA,NA,NA
T4,NA,SSID 2 22,SSID,OS,NS,NS Transplant,dead,NA,NA,NA
T4,NA,SSID 2 23,SSID,OS,NS,NS Transplant,dead,NA,NA,NA
T4,NA,SSID 2 24,SSID,OS,NS,NS Transplant,dead,NA,NA,NA
T4,NA,SSID 2 25,SSID,OS,NS,NS Transplant,dead,NA,NA,NA
T4,NA,SSID 3 3,SSID,NS,NS,NS Native,dead,NA,NA,NA
T4,NA,SSID 3 4,SSID,NS,NS,NS Native,dead,NA,NA,NA
T4,NA,SSID 3 5,SSID,NS,NS,NS Native,dead,NA,NA,NA
T4,8/7/2023,SSID 3 6,SSID,NS,NS,NS Native,alive,156.53,0.2981610303,0.1721433511
T4,NA,SSID 3 8,SSID,NS,OS,OS Transplant,dead,NA,NA,NA
T4,NA,SSID 3 9,SSID,NS,OS,OS Transplant,dead,NA,NA,NA
T4,NA,SSID 3 10,SSID,NS,OS,OS Transplant,dead,NA,NA,NA
T4,NA,SSID 3 11,SSID,NS,OS,OS Transplant,dead,NA,NA,NA
T4,NA,SSID 3 16,SSID,OS,OS,OS Native,dead,NA,NA,NA
T4,NA,SSID 3 17,SSID,OS,OS,OS Native,dead,NA,NA,NA
T4,NA,SSID 3 18,SSID,OS,OS,OS Native,dead,NA,NA,NA
T4,NA,SSID 3 19,SSID,OS,OS,OS Native,dead,NA,NA,NA
T4,NA,SSID 3 22,SSID,OS,NS,NS Transplant,dead,NA,NA,NA
T4,NA,SSID 3 23,SSID,OS,NS,NS Transplant,dead,NA,NA,NA
T4,NA,SSID 3 24,SSID,OS,NS,NS Transplant,dead,NA,NA,NA
T4,NA,SSID 3 25,SSID,OS,NS,NS Transplant,dead,NA,NA,NA
T4,NA,SSID 4 1,SSID,NS,NS,NS Native,dead,NA,NA,NA
T4,8/10/2023,SSID 4 18,SSID,OS,OS,OS Native,alive,8.363333333,0.1594783162,0.09207484878
T4,NA,SSID 4 3,SSID,NS,NS,NS Native,dead,NA,NA,NA
T4,NA,SSID 4 4,SSID,NS,NS,NS Native,dead,NA,NA,NA
T4,NA,SSID 4 5,SSID,NS,NS,NS Native,dead,NA,NA,NA
T4,NA,SSID 4 6,SSID,NS,NS,NS Native,dead,NA,NA,NA
T4,NA,SSID 4 7,SSID,NS,OS,OS Transplant,dead,NA,NA,NA
T4,NA,SSID 4 8,SSID,NS,OS,OS Transplant,dead,NA,NA,NA
T4,NA,SSID 4 10,SSID,NS,OS,OS Transplant,dead,NA,NA,NA
T4,NA,SSID 4 11,SSID,NS,OS,OS Transplant,dead,NA,NA,NA
T4,NA,SSID 4 12,SSID,NS,OS,OS Transplant,dead,NA,NA,NA
T4,NA,SSID 4 16,SSID,OS,OS,OS Native,dead,NA,NA,NA
T4,NA,SSID 4 17,SSID,OS,OS,OS Native,dead,NA,NA,NA
T4,8/7/2023,SSID 4 2,SSID,NS,NS,NS Native,alive,18.53333333,0.02516611478,0.01452966315
T4,NA,SSID 4 19,SSID,OS,OS,OS Native,dead,NA,NA,NA
T4,NA,SSID 4 22,SSID,OS,NS,NS Transplant,dead,NA,NA,NA
T4,8/8/2023,SSID 4 23,SSID,OS,NS,NS Transplant,alive,95.01666667,0.3950105484,0.2280594464
T4,8/9/2023,SSID 4 24,SSID,OS,NS,NS Transplant,alive,75.11333333,0.2631222783,0.1519137182
T4,8/9/2023,SSID 4 25,SSID,OS,NS,NS Transplant,alive,31.77333333,0.1960442127,0.113186179
T4,NA,SSID 5 3,SSID,NS,NS,NS Native,dead,NA,NA,NA
T4,8/10/2023,SSID 5 17,SSID,OS,OS,OS Native,alive,40.09666667,0.3955165399,0.2283515808
T4,8/10/2023,SSID 5 18,SSID,OS,OS,OS Native,alive,40.07333333,0.4990323971,0.2881164888
T4,NA,SSID 5 6,SSID,NS,NS,NS Native,dead,NA,NA,NA
T4,NA,SSID 5 7,SSID,NS,NS,NS Native,dead,NA,NA,NA
T4,NA,SSID 5 8,SSID,NS,OS,OS Transplant,dead,NA,NA,NA
T4,NA,SSID 5 9,SSID,NS,OS,OS Transplant,dead,NA,NA,NA
T4,NA,SSID 5 11,SSID,NS,OS,OS Transplant,dead,NA,NA,NA
T4,NA,SSID 5 16,SSID,OS,OS,OS Native,dead,NA,NA,NA
T4,8/8/2023,SSID 5 24,SSID,OS,NS,NS Transplant,alive,66.89333333,0.2223360819,0.1283657968
T4,8/9/2023,SSID 5 25,SSID,OS,NS,NS Transplant,alive,46.25666667,0.07505553499,0.04333333333
T4,NA,SSID 5 19,SSID,OS,OS,OS Native,dead,NA,NA,NA
T4,NA,SSID 5 22,SSID,OS,NS,NS Transplant,dead,NA,NA,NA
T4,NA,SSID 5 23,SSID,OS,NS,NS Transplant,dead,NA,NA,NA
T4,8/7/2023,SSID 5 4,SSID,NS,NS,NS Native,alive,92.47333333,0.3257811126,0.1880898131
T4,8/7/2023,SSID 5 5,SSID,NS,NS,NS Native,alive,43.93,0.01,0.005773502692
T4,NA,SSID 6 1,SSID,NS,NS,NS Native,dead,NA,NA,NA
T4,NA,SSID 6 2,SSID,NS,NS,NS Native,dead,NA,NA,NA
T4,NA,SSID 6 3,SSID,NS,NS,NS Native,dead,NA,NA,NA
T4,NA,SSID 6 4,SSID,NS,NS,NS Native,dead,NA,NA,NA
T4,NA,SSID 6 5,SSID,NS,NS,NS Native,dead,NA,NA,NA
T4,NA,SSID 6 6,SSID,NS,NS,NS Native,dead,NA,NA,NA
T4,NA,SSID 6 9,SSID,NS,OS,OS Transplant,dead,NA,NA,NA
T4,NA,SSID 6 10,SSID,NS,OS,OS Transplant,dead,NA,NA,NA
T4,NA,SSID 6 11,SSID,NS,OS,OS Transplant,dead,NA,NA,NA
T4,NA,SSID 6 12,SSID,NS,OS,OS Transplant,dead,NA,NA,NA
T4,8/10/2023,SSID 6 14,SSID,OS,OS,OS Native,alive,104.0733333,0.4578573286,0.2643440519
T4,8/10/2023,SSID 6 15,SSID,OS,OS,OS Native,alive,78.02333333,1.496339979,0.8639122898
T4,NA,SSID 6 16,SSID,OS,OS,OS Native,dead,NA,NA,NA
T4,8/10/2023,SSID 6 17,SSID,OS,OS,OS Native,alive,55.21333333,1.661816275,0.959450074
T4,8/10/2023,SSID 6 18,SSID,OS,OS,OS Native,alive,60.80666667,0.1443375673,0.08333333333
T4,8/10/2023,SSID 6 19,SSID,OS,OS,OS Native,alive,75.61,0.37,0.2136195996
T4,NA,SSID 6 22,SSID,OS,NS,NS Transplant,dead,NA,NA,NA
T4,8/8/2023,SSID 6 23,SSID,OS,NS,NS Transplant,alive,150.95,0.1389244399,0.08020806277
T4,8/8/2023,SSID 6 24,SSID,OS,NS,NS Transplant,alive,138.4266667,2.063912143,1.191600231
T4,NA,SSID 6 25,SSID,OS,NS,NS Transplant,dead,NA,NA,NA